,currentActualUPB,currentLoanDelinquencyStatus,modificationFlag,currentInterestRate,currentDeferredUPB,netSalesProceeds,nonMiRecoveries,expenses,legalCosts,actualLossCalculation,stepModificationFlag,deferredPaymentModification,creditScore,firstTimeHomeBuyerFlag,metropolitanDivisionOrMSA,mortgageInsurancePercentage,numberOfUnits,occupancyStatus,originalCombinedLoanToValue,originalDebtToIncomeRatio,originalUPB,originalLoanToValue,originalInterestRate,channel,prepaymentPenaltyMortgageFlag,productType,propertyState,propertyType,postalCode,loanPurpose,defaulted
0,200000.0,0,0,6.125,0.0,117,0.0,0.0,0.0,0.0,1,0,767,1,119,0,1,1,76.0,31,200000,76,6.125,2,0,0,23,4,331,1,0
1,200000.0,0,0,6.125,0.0,117,0.0,0.0,0.0,0.0,1,0,767,1,119,0,1,1,76.0,31,200000,76,6.125,2,0,0,23,4,331,1,0
2,200000.0,0,0,6.125,0.0,117,0.0,0.0,0.0,0.0,1,0,767,1,119,0,1,1,76.0,31,200000,76,6.125,2,0,0,23,4,331,1,0
3,199000.0,0,0,6.125,0.0,117,0.0,0.0,0.0,0.0,1,0,767,1,119,0,1,1,76.0,31,200000,76,6.125,2,0,0,23,4,331,1,0
4,199000.0,0,0,6.125,0.0,117,0.0,0.0,0.0,0.0,1,0,767,1,119,0,1,1,76.0,31,200000,76,6.125,2,0,0,23,4,331,1,0
5,199000.0,0,0,6.125,0.0,117,0.0,0.0,0.0,0.0,1,0,767,1,119,0,1,1,76.0,31,200000,76,6.125,2,0,0,23,4,331,1,0
6,199000.0,0,0,6.125,0.0,117,0.0,0.0,0.0,0.0,1,0,767,1,119,0,1,1,76.0,31,200000,76,6.125,2,0,0,23,4,331,1,0
7,198375.15,0,0,6.125,0.0,117,0.0,0.0,0.0,0.0,1,0,767,1,119,0,1,1,76.0,31,200000,76,6.125,2,0,0,23,4,331,1,0
8,198137.69,0,0,6.125,0.0,117,0.0,0.0,0.0,0.0,1,0,767,1,119,0,1,1,76.0,31,200000,76,6.125,2,0,0,23,4,331,1,0
9,197933.81,0,0,6.125,0.0,117,0.0,0.0,0.0,0.0,1,0,767,1,119,0,1,1,76.0,31,200000,76,6.125,2,0,0,23,4,331,1,0
10,197728.88,0,0,6.125,0.0,117,0.0,0.0,0.0,0.0,1,0,767,1,119,0,1,1,76.0,31,200000,76,6.125,2,0,0,23,4,331,1,0
11,197522.9,0,0,6.125,0.0,117,0.0,0.0,0.0,0.0,1,0,767,1,119,0,1,1,76.0,31,200000,76,6.125,2,0,0,23,4,331,1,0
12,197315.87,0,0,6.125,0.0,117,0.0,0.0,0.0,0.0,1,0,767,1,119,0,1,1,76.0,31,200000,76,6.125,2,0,0,23,4,331,1,0
13,197107.78,0,0,6.125,0.0,117,0.0,0.0,0.0,0.0,1,0,767,1,119,0,1,1,76.0,31,200000,76,6.125,2,0,0,23,4,331,1,0
14,196898.63,0,0,6.125,0.0,117,0.0,0.0,0.0,0.0,1,0,767,1,119,0,1,1,76.0,31,200000,76,6.125,2,0,0,23,4,331,1,0
15,196688.41,0,0,6.125,0.0,117,0.0,0.0,0.0,0.0,1,0,767,1,119,0,1,1,76.0,31,200000,76,6.125,2,0,0,23,4,331,1,0
16,0.0,0,0,6.125,0.0,117,0.0,0.0,0.0,0.0,1,0,767,1,119,0,1,1,76.0,31,200000,76,6.125,2,0,0,23,4,331,1,0
17,70000.0,0,0,6.0,0.0,117,0.0,0.0,0.0,0.0,1,0,802,2,66,0,1,1,59.0,21,70000,59,6.0,2,0,0,36,4,289,2,0
18,70000.0,0,0,6.0,0.0,117,0.0,0.0,0.0,0.0,1,0,802,2,66,0,1,1,59.0,21,70000,59,6.0,2,0,0,36,4,289,2,0
19,70000.0,0,0,6.0,0.0,117,0.0,0.0,0.0,0.0,1,0,802,2,66,0,1,1,59.0,21,70000,59,6.0,2,0,0,36,4,289,2,0
20,70000.0,0,0,6.0,0.0,117,0.0,0.0,0.0,0.0,1,0,802,2,66,0,1,1,59.0,21,70000,59,6.0,2,0,0,36,4,289,2,0
21,70000.0,0,0,6.0,0.0,117,0.0,0.0,0.0,0.0,1,0,802,2,66,0,1,1,59.0,21,70000,59,6.0,2,0,0,36,4,289,2,0
22,70000.0,0,0,6.0,0.0,117,0.0,0.0,0.0,0.0,1,0,802,2,66,0,1,1,59.0,21,70000,59,6.0,2,0,0,36,4,289,2,0
23,70000.0,0,0,6.0,0.0,117,0.0,0.0,0.0,0.0,1,0,802,2,66,0,1,1,59.0,21,70000,59,6.0,2,0,0,36,4,289,2,0
24,69504.79,0,0,6.0,0.0,117,0.0,0.0,0.0,0.0,1,0,802,2,66,0,1,1,59.0,21,70000,59,6.0,2,0,0,36,4,289,2,0
25,69432.62,0,0,6.0,0.0,117,0.0,0.0,0.0,0.0,1,0,802,2,66,0,1,1,59.0,21,70000,59,6.0,2,0,0,36,4,289,2,0
26,69360.09,0,0,6.0,0.0,117,0.0,0.0,0.0,0.0,1,0,802,2,66,0,1,1,59.0,21,70000,59,6.0,2,0,0,36,4,289,2,0
27,69287.2,0,0,6.0,0.0,117,0.0,0.0,0.0,0.0,1,0,802,2,66,0,1,1,59.0,21,70000,59,6.0,2,0,0,36,4,289,2,0
28,69213.95,0,0,6.0,0.0,117,0.0,0.0,0.0,0.0,1,0,802,2,66,0,1,1,59.0,21,70000,59,6.0,2,0,0,36,4,289,2,0
29,69140.33,0,0,6.0,0.0,117,0.0,0.0,0.0,0.0,1,0,802,2,66,0,1,1,59.0,21,70000,59,6.0,2,0,0,36,4,289,2,0
30,69066.34,0,0,6.0,0.0,117,0.0,0.0,0.0,0.0,1,0,802,2,66,0,1,1,59.0,21,70000,59,6.0,2,0,0,36,4,289,2,0
31,68991.98,0,0,6.0,0.0,117,0.0,0.0,0.0,0.0,1,0,802,2,66,0,1,1,59.0,21,70000,59,6.0,2,0,0,36,4,289,2,0
32,68917.25,0,0,6.0,0.0,117,0.0,0.0,0.0,0.0,1,0,802,2,66,0,1,1,59.0,21,70000,59,6.0,2,0,0,36,4,289,2,0
33,68842.15,0,0,6.0,0.0,117,0.0,0.0,0.0,0.0,1,0,802,2,66,0,1,1,59.0,21,70000,59,6.0,2,0,0,36,4,289,2,0
34,68766.67,0,0,6.0,0.0,117,0.0,0.0,0.0,0.0,1,0,802,2,66,0,1,1,59.0,21,70000,59,6.0,2,0,0,36,4,289,2,0
35,68690.81,0,0,6.0,0.0,117,0.0,0.0,0.0,0.0,1,0,802,2,66,0,1,1,59.0,21,70000,59,6.0,2,0,0,36,4,289,2,0
36,68614.57,0,0,6.0,0.0,117,0.0,0.0,0.0,0.0,1,0,802,2,66,0,1,1,59.0,21,70000,59,6.0,2,0,0,36,4,289,2,0
37,68614.57,0,0,6.0,0.0,117,0.0,0.0,0.0,0.0,1,0,802,2,66,0,1,1,59.0,21,70000,59,6.0,2,0,0,36,4,289,2,0
38,68460.95,0,0,6.0,0.0,117,0.0,0.0,0.0,0.0,1,0,802,2,66,0,1,1,59.0,21,70000,59,6.0,2,0,0,36,4,289,2,0
39,68383.56,0,0,6.0,0.0,117,0.0,0.0,0.0,0.0,1,0,802,2,66,0,1,1,59.0,21,70000,59,6.0,2,0,0,36,4,289,2,0
40,68305.79,0,0,6.0,0.0,117,0.0,0.0,0.0,0.0,1,0,802,2,66,0,1,1,59.0,21,70000,59,6.0,2,0,0,36,4,289,2,0
41,68227.63,0,0,6.0,0.0,117,0.0,0.0,0.0,0.0,1,0,802,2,66,0,1,1,59.0,21,70000,59,6.0,2,0,0,36,4,289,2,0
42,68149.08,0,0,6.0,0.0,117,0.0,0.0,0.0,0.0,1,0,802,2,66,0,1,1,59.0,21,70000,59,6.0,2,0,0,36,4,289,2,0
43,68070.14,0,0,6.0,0.0,117,0.0,0.0,0.0,0.0,1,0,802,2,66,0,1,1,59.0,21,70000,59,6.0,2,0,0,36,4,289,2,0
44,67990.8,0,0,6.0,0.0,117,0.0,0.0,0.0,0.0,1,0,802,2,66,0,1,1,59.0,21,70000,59,6.0,2,0,0,36,4,289,2,0
45,67911.06,0,0,6.0,0.0,117,0.0,0.0,0.0,0.0,1,0,802,2,66,0,1,1,59.0,21,70000,59,6.0,2,0,0,36,4,289,2,0
46,67830.93,0,0,6.0,0.0,117,0.0,0.0,0.0,0.0,1,0,802,2,66,0,1,1,59.0,21,70000,59,6.0,2,0,0,36,4,289,2,0
47,67750.39,0,0,6.0,0.0,117,0.0,0.0,0.0,0.0,1,0,802,2,66,0,1,1,59.0,21,70000,59,6.0,2,0,0,36,4,289,2,0
48,67669.45,0,0,6.0,0.0,117,0.0,0.0,0.0,0.0,1,0,802,2,66,0,1,1,59.0,21,70000,59,6.0,2,0,0,36,4,289,2,0
49,67588.11,0,0,6.0,0.0,117,0.0,0.0,0.0,0.0,1,0,802,2,66,0,1,1,59.0,21,70000,59,6.0,2,0,0,36,4,289,2,0
50,67506.36,0,0,6.0,0.0,117,0.0,0.0,0.0,0.0,1,0,802,2,66,0,1,1,59.0,21,70000,59,6.0,2,0,0,36,4,289,2,0
51,67424.2,0,0,6.0,0.0,117,0.0,0.0,0.0,0.0,1,0,802,2,66,0,1,1,59.0,21,70000,59,6.0,2,0,0,36,4,289,2,0
52,67341.63,0,0,6.0,0.0,117,0.0,0.0,0.0,0.0,1,0,802,2,66,0,1,1,59.0,21,70000,59,6.0,2,0,0,36,4,289,2,0
53,67258.65,0,0,6.0,0.0,117,0.0,0.0,0.0,0.0,1,0,802,2,66,0,1,1,59.0,21,70000,59,6.0,2,0,0,36,4,289,2,0
54,67175.25,0,0,6.0,0.0,117,0.0,0.0,0.0,0.0,1,0,802,2,66,0,1,1,59.0,21,70000,59,6.0,2,0,0,36,4,289,2,0
55,67091.44,0,0,6.0,0.0,117,0.0,0.0,0.0,0.0,1,0,802,2,66,0,1,1,59.0,21,70000,59,6.0,2,0,0,36,4,289,2,0
56,67007.21,0,0,6.0,0.0,117,0.0,0.0,0.0,0.0,1,0,802,2,66,0,1,1,59.0,21,70000,59,6.0,2,0,0,36,4,289,2,0
57,66922.56,0,0,6.0,0.0,117,0.0,0.0,0.0,0.0,1,0,802,2,66,0,1,1,59.0,21,70000,59,6.0,2,0,0,36,4,289,2,0
58,66837.48,0,0,6.0,0.0,117,0.0,0.0,0.0,0.0,1,0,802,2,66,0,1,1,59.0,21,70000,59,6.0,2,0,0,36,4,289,2,0
59,66751.98,0,0,6.0,0.0,117,0.0,0.0,0.0,0.0,1,0,802,2,66,0,1,1,59.0,21,70000,59,6.0,2,0,0,36,4,289,2,0
60,66666.05,0,0,6.0,0.0,117,0.0,0.0,0.0,0.0,1,0,802,2,66,0,1,1,59.0,21,70000,59,6.0,2,0,0,36,4,289,2,0
61,66579.69,0,0,6.0,0.0,117,0.0,0.0,0.0,0.0,1,0,802,2,66,0,1,1,59.0,21,70000,59,6.0,2,0,0,36,4,289,2,0
62,66492.9,0,0,6.0,0.0,117,0.0,0.0,0.0,0.0,1,0,802,2,66,0,1,1,59.0,21,70000,59,6.0,2,0,0,36,4,289,2,0
63,66405.67,0,0,6.0,0.0,117,0.0,0.0,0.0,0.0,1,0,802,2,66,0,1,1,59.0,21,70000,59,6.0,2,0,0,36,4,289,2,0
64,66318.01,0,0,6.0,0.0,117,0.0,0.0,0.0,0.0,1,0,802,2,66,0,1,1,59.0,21,70000,59,6.0,2,0,0,36,4,289,2,0
65,66229.91,0,0,6.0,0.0,117,0.0,0.0,0.0,0.0,1,0,802,2,66,0,1,1,59.0,21,70000,59,6.0,2,0,0,36,4,289,2,0
66,66141.37,0,0,6.0,0.0,117,0.0,0.0,0.0,0.0,1,0,802,2,66,0,1,1,59.0,21,70000,59,6.0,2,0,0,36,4,289,2,0
67,66052.39,0,0,6.0,0.0,117,0.0,0.0,0.0,0.0,1,0,802,2,66,0,1,1,59.0,21,70000,59,6.0,2,0,0,36,4,289,2,0
68,65962.96,0,0,6.0,0.0,117,0.0,0.0,0.0,0.0,1,0,802,2,66,0,1,1,59.0,21,70000,59,6.0,2,0,0,36,4,289,2,0
69,65873.08,0,0,6.0,0.0,117,0.0,0.0,0.0,0.0,1,0,802,2,66,0,1,1,59.0,21,70000,59,6.0,2,0,0,36,4,289,2,0
70,65782.76,0,0,6.0,0.0,117,0.0,0.0,0.0,0.0,1,0,802,2,66,0,1,1,59.0,21,70000,59,6.0,2,0,0,36,4,289,2,0
71,65691.98,0,0,6.0,0.0,117,0.0,0.0,0.0,0.0,1,0,802,2,66,0,1,1,59.0,21,70000,59,6.0,2,0,0,36,4,289,2,0
72,65600.75,0,0,6.0,0.0,117,0.0,0.0,0.0,0.0,1,0,802,2,66,0,1,1,59.0,21,70000,59,6.0,2,0,0,36,4,289,2,0
73,65509.06,0,0,6.0,0.0,117,0.0,0.0,0.0,0.0,1,0,802,2,66,0,1,1,59.0,21,70000,59,6.0,2,0,0,36,4,289,2,0
74,65416.92,0,0,6.0,0.0,117,0.0,0.0,0.0,0.0,1,0,802,2,66,0,1,1,59.0,21,70000,59,6.0,2,0,0,36,4,289,2,0
75,65324.31,0,0,6.0,0.0,117,0.0,0.0,0.0,0.0,1,0,802,2,66,0,1,1,59.0,21,70000,59,6.0,2,0,0,36,4,289,2,0
76,65231.24,0,0,6.0,0.0,117,0.0,0.0,0.0,0.0,1,0,802,2,66,0,1,1,59.0,21,70000,59,6.0,2,0,0,36,4,289,2,0
77,65137.71,0,0,6.0,0.0,117,0.0,0.0,0.0,0.0,1,0,802,2,66,0,1,1,59.0,21,70000,59,6.0,2,0,0,36,4,289,2,0
78,65043.71,0,0,6.0,0.0,117,0.0,0.0,0.0,0.0,1,0,802,2,66,0,1,1,59.0,21,70000,59,6.0,2,0,0,36,4,289,2,0
79,64949.24,0,0,6.0,0.0,117,0.0,0.0,0.0,0.0,1,0,802,2,66,0,1,1,59.0,21,70000,59,6.0,2,0,0,36,4,289,2,0
80,64854.3,0,0,6.0,0.0,117,0.0,0.0,0.0,0.0,1,0,802,2,66,0,1,1,59.0,21,70000,59,6.0,2,0,0,36,4,289,2,0
81,64758.88,0,0,6.0,0.0,117,0.0,0.0,0.0,0.0,1,0,802,2,66,0,1,1,59.0,21,70000,59,6.0,2,0,0,36,4,289,2,0
82,64662.98,0,0,6.0,0.0,117,0.0,0.0,0.0,0.0,1,0,802,2,66,0,1,1,59.0,21,70000,59,6.0,2,0,0,36,4,289,2,0
83,64566.6,0,0,6.0,0.0,117,0.0,0.0,0.0,0.0,1,0,802,2,66,0,1,1,59.0,21,70000,59,6.0,2,0,0,36,4,289,2,0
84,64469.74,0,0,6.0,0.0,117,0.0,0.0,0.0,0.0,1,0,802,2,66,0,1,1,59.0,21,70000,59,6.0,2,0,0,36,4,289,2,0
85,64372.4,0,0,6.0,0.0,117,0.0,0.0,0.0,0.0,1,0,802,2,66,0,1,1,59.0,21,70000,59,6.0,2,0,0,36,4,289,2,0
86,64274.57,0,0,6.0,0.0,117,0.0,0.0,0.0,0.0,1,0,802,2,66,0,1,1,59.0,21,70000,59,6.0,2,0,0,36,4,289,2,0
87,64176.25,0,0,6.0,0.0,117,0.0,0.0,0.0,0.0,1,0,802,2,66,0,1,1,59.0,21,70000,59,6.0,2,0,0,36,4,289,2,0
88,64077.44,0,0,6.0,0.0,117,0.0,0.0,0.0,0.0,1,0,802,2,66,0,1,1,59.0,21,70000,59,6.0,2,0,0,36,4,289,2,0
89,63978.14,0,0,6.0,0.0,117,0.0,0.0,0.0,0.0,1,0,802,2,66,0,1,1,59.0,21,70000,59,6.0,2,0,0,36,4,289,2,0
90,63878.34,0,0,6.0,0.0,117,0.0,0.0,0.0,0.0,1,0,802,2,66,0,1,1,59.0,21,70000,59,6.0,2,0,0,36,4,289,2,0
91,63778.04,0,0,6.0,0.0,117,0.0,0.0,0.0,0.0,1,0,802,2,66,0,1,1,59.0,21,70000,59,6.0,2,0,0,36,4,289,2,0
92,63677.24,0,0,6.0,0.0,117,0.0,0.0,0.0,0.0,1,0,802,2,66,0,1,1,59.0,21,70000,59,6.0,2,0,0,36,4,289,2,0
93,63575.94,0,0,6.0,0.0,117,0.0,0.0,0.0,0.0,1,0,802,2,66,0,1,1,59.0,21,70000,59,6.0,2,0,0,36,4,289,2,0
94,63474.13,0,0,6.0,0.0,117,0.0,0.0,0.0,0.0,1,0,802,2,66,0,1,1,59.0,21,70000,59,6.0,2,0,0,36,4,289,2,0
95,63371.81,0,0,6.0,0.0,117,0.0,0.0,0.0,0.0,1,0,802,2,66,0,1,1,59.0,21,70000,59,6.0,2,0,0,36,4,289,2,0
96,63268.98,0,0,6.0,0.0,117,0.0,0.0,0.0,0.0,1,0,802,2,66,0,1,1,59.0,21,70000,59,6.0,2,0,0,36,4,289,2,0
97,63165.63,0,0,6.0,0.0,117,0.0,0.0,0.0,0.0,1,0,802,2,66,0,1,1,59.0,21,70000,59,6.0,2,0,0,36,4,289,2,0
98,63061.77,0,0,6.0,0.0,117,0.0,0.0,0.0,0.0,1,0,802,2,66,0,1,1,59.0,21,70000,59,6.0,2,0,0,36,4,289,2,0
99,62957.39,0,0,6.0,0.0,117,0.0,0.0,0.0,0.0,1,0,802,2,66,0,1,1,59.0,21,70000,59,6.0,2,0,0,36,4,289,2,0
100,62852.49,0,0,6.0,0.0,117,0.0,0.0,0.0,0.0,1,0,802,2,66,0,1,1,59.0,21,70000,59,6.0,2,0,0,36,4,289,2,0
101,62747.06,0,0,6.0,0.0,117,0.0,0.0,0.0,0.0,1,0,802,2,66,0,1,1,59.0,21,70000,59,6.0,2,0,0,36,4,289,2,0
102,62641.11,0,0,6.0,0.0,117,0.0,0.0,0.0,0.0,1,0,802,2,66,0,1,1,59.0,21,70000,59,6.0,2,0,0,36,4,289,2,0
103,62534.63,0,0,6.0,0.0,117,0.0,0.0,0.0,0.0,1,0,802,2,66,0,1,1,59.0,21,70000,59,6.0,2,0,0,36,4,289,2,0
104,62427.61,0,0,6.0,0.0,117,0.0,0.0,0.0,0.0,1,0,802,2,66,0,1,1,59.0,21,70000,59,6.0,2,0,0,36,4,289,2,0
105,62320.06,0,0,6.0,0.0,117,0.0,0.0,0.0,0.0,1,0,802,2,66,0,1,1,59.0,21,70000,59,6.0,2,0,0,36,4,289,2,0
106,62211.97,0,0,6.0,0.0,117,0.0,0.0,0.0,0.0,1,0,802,2,66,0,1,1,59.0,21,70000,59,6.0,2,0,0,36,4,289,2,0
107,62103.34,0,0,6.0,0.0,117,0.0,0.0,0.0,0.0,1,0,802,2,66,0,1,1,59.0,21,70000,59,6.0,2,0,0,36,4,289,2,0
108,61994.17,0,0,6.0,0.0,117,0.0,0.0,0.0,0.0,1,0,802,2,66,0,1,1,59.0,21,70000,59,6.0,2,0,0,36,4,289,2,0
109,61884.45,0,0,6.0,0.0,117,0.0,0.0,0.0,0.0,1,0,802,2,66,0,1,1,59.0,21,70000,59,6.0,2,0,0,36,4,289,2,0
110,61774.18,0,0,6.0,0.0,117,0.0,0.0,0.0,0.0,1,0,802,2,66,0,1,1,59.0,21,70000,59,6.0,2,0,0,36,4,289,2,0
111,61663.36,0,0,6.0,0.0,117,0.0,0.0,0.0,0.0,1,0,802,2,66,0,1,1,59.0,21,70000,59,6.0,2,0,0,36,4,289,2,0
112,61551.99,0,0,6.0,0.0,117,0.0,0.0,0.0,0.0,1,0,802,2,66,0,1,1,59.0,21,70000,59,6.0,2,0,0,36,4,289,2,0
113,61440.06,0,0,6.0,0.0,117,0.0,0.0,0.0,0.0,1,0,802,2,66,0,1,1,59.0,21,70000,59,6.0,2,0,0,36,4,289,2,0
114,61327.57,0,0,6.0,0.0,117,0.0,0.0,0.0,0.0,1,0,802,2,66,0,1,1,59.0,21,70000,59,6.0,2,0,0,36,4,289,2,0
115,61214.52,0,0,6.0,0.0,117,0.0,0.0,0.0,0.0,1,0,802,2,66,0,1,1,59.0,21,70000,59,6.0,2,0,0,36,4,289,2,0
116,61100.9,0,0,6.0,0.0,117,0.0,0.0,0.0,0.0,1,0,802,2,66,0,1,1,59.0,21,70000,59,6.0,2,0,0,36,4,289,2,0
117,60986.71,0,0,6.0,0.0,117,0.0,0.0,0.0,0.0,1,0,802,2,66,0,1,1,59.0,21,70000,59,6.0,2,0,0,36,4,289,2,0
118,60871.95,0,0,6.0,0.0,117,0.0,0.0,0.0,0.0,1,0,802,2,66,0,1,1,59.0,21,70000,59,6.0,2,0,0,36,4,289,2,0
119,60756.62,0,0,6.0,0.0,117,0.0,0.0,0.0,0.0,1,0,802,2,66,0,1,1,59.0,21,70000,59,6.0,2,0,0,36,4,289,2,0
120,60640.71,0,0,6.0,0.0,117,0.0,0.0,0.0,0.0,1,0,802,2,66,0,1,1,59.0,21,70000,59,6.0,2,0,0,36,4,289,2,0
121,60524.22,0,0,6.0,0.0,117,0.0,0.0,0.0,0.0,1,0,802,2,66,0,1,1,59.0,21,70000,59,6.0,2,0,0,36,4,289,2,0
122,60407.15,0,0,6.0,0.0,117,0.0,0.0,0.0,0.0,1,0,802,2,66,0,1,1,59.0,21,70000,59,6.0,2,0,0,36,4,289,2,0
123,60289.5,0,0,6.0,0.0,117,0.0,0.0,0.0,0.0,1,0,802,2,66,0,1,1,59.0,21,70000,59,6.0,2,0,0,36,4,289,2,0
124,60171.26,0,0,6.0,0.0,117,0.0,0.0,0.0,0.0,1,0,802,2,66,0,1,1,59.0,21,70000,59,6.0,2,0,0,36,4,289,2,0
125,60052.43,0,0,6.0,0.0,117,0.0,0.0,0.0,0.0,1,0,802,2,66,0,1,1,59.0,21,70000,59,6.0,2,0,0,36,4,289,2,0
126,59933.0,0,0,6.0,0.0,117,0.0,0.0,0.0,0.0,1,0,802,2,66,0,1,1,59.0,21,70000,59,6.0,2,0,0,36,4,289,2,0
127,59812.98,0,0,6.0,0.0,117,0.0,0.0,0.0,0.0,1,0,802,2,66,0,1,1,59.0,21,70000,59,6.0,2,0,0,36,4,289,2,0
128,59692.35,0,0,6.0,0.0,117,0.0,0.0,0.0,0.0,1,0,802,2,66,0,1,1,59.0,21,70000,59,6.0,2,0,0,36,4,289,2,0
129,59571.12,0,0,6.0,0.0,117,0.0,0.0,0.0,0.0,1,0,802,2,66,0,1,1,59.0,21,70000,59,6.0,2,0,0,36,4,289,2,0
130,59449.29,0,0,6.0,0.0,117,0.0,0.0,0.0,0.0,1,0,802,2,66,0,1,1,59.0,21,70000,59,6.0,2,0,0,36,4,289,2,0
131,59326.85,0,0,6.0,0.0,117,0.0,0.0,0.0,0.0,1,0,802,2,66,0,1,1,59.0,21,70000,59,6.0,2,0,0,36,4,289,2,0
132,59203.79,0,0,6.0,0.0,117,0.0,0.0,0.0,0.0,1,0,802,2,66,0,1,1,59.0,21,70000,59,6.0,2,0,0,36,4,289,2,0
133,74000.0,0,0,6.75,0.0,117,0.0,0.0,0.0,0.0,1,0,681,1,341,25,1,1,90.0,33,74000,90,6.75,2,0,0,36,4,283,0,0
134,74000.0,0,0,6.75,0.0,117,0.0,0.0,0.0,0.0,1,0,681,1,341,25,1,1,90.0,33,74000,90,6.75,2,0,0,36,4,283,0,0
135,74000.0,0,0,6.75,0.0,117,0.0,0.0,0.0,0.0,1,0,681,1,341,25,1,1,90.0,33,74000,90,6.75,2,0,0,36,4,283,0,0
136,74000.0,0,0,6.75,0.0,117,0.0,0.0,0.0,0.0,1,0,681,1,341,25,1,1,90.0,33,74000,90,6.75,2,0,0,36,4,283,0,0
137,73000.0,0,0,6.75,0.0,117,0.0,0.0,0.0,0.0,1,0,681,1,341,25,1,1,90.0,33,74000,90,6.75,2,0,0,36,4,283,0,0
138,73000.0,0,0,6.75,0.0,117,0.0,0.0,0.0,0.0,1,0,681,1,341,25,1,1,90.0,33,74000,90,6.75,2,0,0,36,4,283,0,0
139,73000.0,0,0,6.75,0.0,117,0.0,0.0,0.0,0.0,1,0,681,1,341,25,1,1,90.0,33,74000,90,6.75,2,0,0,36,4,283,0,0
140,73273.9,0,0,6.75,0.0,117,0.0,0.0,0.0,0.0,1,0,681,1,341,25,1,1,90.0,33,74000,90,6.75,2,0,0,36,4,283,0,0
141,73206.48,0,0,6.75,0.0,117,0.0,0.0,0.0,0.0,1,0,681,1,341,25,1,1,90.0,33,74000,90,6.75,2,0,0,36,4,283,0,0
142,73138.68,0,0,6.75,0.0,117,0.0,0.0,0.0,0.0,1,0,681,1,341,25,1,1,90.0,33,74000,90,6.75,2,0,0,36,4,283,0,0
143,73206.48,0,0,6.75,0.0,117,0.0,0.0,0.0,0.0,1,0,681,1,341,25,1,1,90.0,33,74000,90,6.75,2,0,0,36,4,283,0,0
144,73072.34,0,0,6.75,0.0,117,0.0,0.0,0.0,0.0,1,0,681,1,341,25,1,1,90.0,33,74000,90,6.75,2,0,0,36,4,283,0,0
145,73004.7,0,0,6.75,0.0,117,0.0,0.0,0.0,0.0,1,0,681,1,341,25,1,1,90.0,33,74000,90,6.75,2,0,0,36,4,283,0,0
146,73004.7,0,0,6.75,0.0,117,0.0,0.0,0.0,0.0,1,0,681,1,341,25,1,1,90.0,33,74000,90,6.75,2,0,0,36,4,283,0,0
147,72936.68,0,0,6.75,0.0,117,0.0,0.0,0.0,0.0,1,0,681,1,341,25,1,1,90.0,33,74000,90,6.75,2,0,0,36,4,283,0,0
148,72868.28,0,0,6.75,0.0,117,0.0,0.0,0.0,0.0,1,0,681,1,341,25,1,1,90.0,33,74000,90,6.75,2,0,0,36,4,283,0,0
149,72799.49,0,0,6.75,0.0,117,0.0,0.0,0.0,0.0,1,0,681,1,341,25,1,1,90.0,33,74000,90,6.75,2,0,0,36,4,283,0,0
150,72730.32,0,0,6.75,0.0,117,0.0,0.0,0.0,0.0,1,0,681,1,341,25,1,1,90.0,33,74000,90,6.75,2,0,0,36,4,283,0,0
151,72660.76,0,0,6.75,0.0,117,0.0,0.0,0.0,0.0,1,0,681,1,341,25,1,1,90.0,33,74000,90,6.75,2,0,0,36,4,283,0,0
152,72520.46,0,0,6.75,0.0,117,0.0,0.0,0.0,0.0,1,0,681,1,341,25,1,1,90.0,33,74000,90,6.75,2,0,0,36,4,283,0,0
153,72449.72,0,0,6.75,0.0,117,0.0,0.0,0.0,0.0,1,0,681,1,341,25,1,1,90.0,33,74000,90,6.75,2,0,0,36,4,283,0,0
154,72378.58,0,0,6.75,0.0,117,0.0,0.0,0.0,0.0,1,0,681,1,341,25,1,1,90.0,33,74000,90,6.75,2,0,0,36,4,283,0,0
155,72307.04,0,0,6.75,0.0,117,0.0,0.0,0.0,0.0,1,0,681,1,341,25,1,1,90.0,33,74000,90,6.75,2,0,0,36,4,283,0,0
156,72235.1,0,0,6.75,0.0,117,0.0,0.0,0.0,0.0,1,0,681,1,341,25,1,1,90.0,33,74000,90,6.75,2,0,0,36,4,283,0,0
157,72162.75,0,0,6.75,0.0,117,0.0,0.0,0.0,0.0,1,0,681,1,341,25,1,1,90.0,33,74000,90,6.75,2,0,0,36,4,283,0,0
158,72090.0,0,0,6.75,0.0,117,0.0,0.0,0.0,0.0,1,0,681,1,341,25,1,1,90.0,33,74000,90,6.75,2,0,0,36,4,283,0,0
159,72090.0,0,0,6.75,0.0,117,0.0,0.0,0.0,0.0,1,0,681,1,341,25,1,1,90.0,33,74000,90,6.75,2,0,0,36,4,283,0,0
160,71943.26,0,0,6.75,0.0,117,0.0,0.0,0.0,0.0,1,0,681,1,341,25,1,1,90.0,33,74000,90,6.75,2,0,0,36,4,283,0,0
161,71869.27,0,0,6.75,0.0,117,0.0,0.0,0.0,0.0,1,0,681,1,341,25,1,1,90.0,33,74000,90,6.75,2,0,0,36,4,283,0,0
162,71794.86,0,0,6.75,0.0,117,0.0,0.0,0.0,0.0,1,0,681,1,341,25,1,1,90.0,33,74000,90,6.75,2,0,0,36,4,283,0,0
163,71720.04,0,0,6.75,0.0,117,0.0,0.0,0.0,0.0,1,0,681,1,341,25,1,1,90.0,33,74000,90,6.75,2,0,0,36,4,283,0,0
164,71644.8,0,0,6.75,0.0,117,0.0,0.0,0.0,0.0,1,0,681,1,341,25,1,1,90.0,33,74000,90,6.75,2,0,0,36,4,283,0,0
165,71569.13,0,0,6.75,0.0,117,0.0,0.0,0.0,0.0,1,0,681,1,341,25,1,1,90.0,33,74000,90,6.75,2,0,0,36,4,283,0,0
166,71493.04,0,0,6.75,0.0,117,0.0,0.0,0.0,0.0,1,0,681,1,341,25,1,1,90.0,33,74000,90,6.75,2,0,0,36,4,283,0,0
167,71416.52,0,0,6.75,0.0,117,0.0,0.0,0.0,0.0,1,0,681,1,341,25,1,1,90.0,33,74000,90,6.75,2,0,0,36,4,283,0,0
168,71339.57,0,0,6.75,0.0,117,0.0,0.0,0.0,0.0,1,0,681,1,341,25,1,1,90.0,33,74000,90,6.75,2,0,0,36,4,283,0,0
169,71262.19,0,0,6.75,0.0,117,0.0,0.0,0.0,0.0,1,0,681,1,341,25,1,1,90.0,33,74000,90,6.75,2,0,0,36,4,283,0,0
170,71183.78,0,0,6.75,0.0,117,0.0,0.0,0.0,0.0,1,0,681,1,341,25,1,1,90.0,33,74000,90,6.75,2,0,0,36,4,283,0,0
171,71103.93,0,0,6.75,0.0,117,0.0,0.0,0.0,0.0,1,0,681,1,341,25,1,1,90.0,33,74000,90,6.75,2,0,0,36,4,283,0,0
172,71024.63,0,0,6.75,0.0,117,0.0,0.0,0.0,0.0,1,0,681,1,341,25,1,1,90.0,33,74000,90,6.75,2,0,0,36,4,283,0,0
173,70944.88,0,0,6.75,0.0,117,0.0,0.0,0.0,0.0,1,0,681,1,341,25,1,1,90.0,33,74000,90,6.75,2,0,0,36,4,283,0,0
174,70865.27,0,0,6.75,0.0,117,0.0,0.0,0.0,0.0,1,0,681,1,341,25,1,1,90.0,33,74000,90,6.75,2,0,0,36,4,283,0,0
175,70785.22,0,0,6.75,0.0,117,0.0,0.0,0.0,0.0,1,0,681,1,341,25,1,1,90.0,33,74000,90,6.75,2,0,0,36,4,283,0,0
176,70704.72,0,0,6.75,0.0,117,0.0,0.0,0.0,0.0,1,0,681,1,341,25,1,1,90.0,33,74000,90,6.75,2,0,0,36,4,283,0,0
177,70623.06,0,0,6.75,0.0,117,0.0,0.0,0.0,0.0,1,0,681,1,341,25,1,1,90.0,33,74000,90,6.75,2,0,0,36,4,283,0,0
178,70540.94,0,0,6.75,0.0,117,0.0,0.0,0.0,0.0,1,0,681,1,341,25,1,1,90.0,33,74000,90,6.75,2,0,0,36,4,283,0,0
179,70459.06,0,0,6.75,0.0,117,0.0,0.0,0.0,0.0,1,0,681,1,341,25,1,1,90.0,33,74000,90,6.75,2,0,0,36,4,283,0,0
180,70459.06,0,0,6.75,0.0,117,0.0,0.0,0.0,0.0,1,0,681,1,341,25,1,1,90.0,33,74000,90,6.75,2,0,0,36,4,283,0,0
181,70293.92,0,0,6.75,0.0,117,0.0,0.0,0.0,0.0,1,0,681,1,341,25,1,1,90.0,33,74000,90,6.75,2,0,0,36,4,283,0,0
182,70210.65,0,0,6.75,0.0,117,0.0,0.0,0.0,0.0,1,0,681,1,341,25,1,1,90.0,33,74000,90,6.75,2,0,0,36,4,283,0,0
183,70126.91,0,0,6.75,0.0,117,0.0,0.0,0.0,0.0,1,0,681,1,341,25,1,1,90.0,33,74000,90,6.75,2,0,0,36,4,283,0,0
184,70042.7,0,0,6.75,0.0,117,0.0,0.0,0.0,0.0,1,0,681,1,341,25,1,1,90.0,33,74000,90,6.75,2,0,0,36,4,283,0,0
185,69957.32,0,0,6.75,0.0,117,0.0,0.0,0.0,0.0,1,0,681,1,341,25,1,1,90.0,33,74000,90,6.75,2,0,0,36,4,283,0,0
186,69957.32,0,0,6.75,0.0,117,0.0,0.0,0.0,0.0,1,0,681,1,341,25,1,1,90.0,33,74000,90,6.75,2,0,0,36,4,283,0,0
187,69786.52,0,0,6.75,0.0,117,0.0,0.0,0.0,0.0,1,0,681,1,341,25,1,1,90.0,33,74000,90,6.75,2,0,0,36,4,283,0,0
188,69700.4,0,0,6.75,0.0,117,0.0,0.0,0.0,0.0,1,0,681,1,341,25,1,1,90.0,33,74000,90,6.75,2,0,0,36,4,283,0,0
189,69613.79,0,0,6.75,0.0,117,0.0,0.0,0.0,0.0,1,0,681,1,341,25,1,1,90.0,33,74000,90,6.75,2,0,0,36,4,283,0,0
190,69526.7,0,0,6.75,0.0,117,0.0,0.0,0.0,0.0,1,0,681,1,341,25,1,1,90.0,33,74000,90,6.75,2,0,0,36,4,283,0,0
191,69439.12,0,0,6.75,0.0,117,0.0,0.0,0.0,0.0,1,0,681,1,341,25,1,1,90.0,33,74000,90,6.75,2,0,0,36,4,283,0,0
192,69351.05,0,0,6.75,0.0,117,0.0,0.0,0.0,0.0,1,0,681,1,341,25,1,1,90.0,33,74000,90,6.75,2,0,0,36,4,283,0,0
193,69262.48,0,0,6.75,0.0,117,0.0,0.0,0.0,0.0,1,0,681,1,341,25,1,1,90.0,33,74000,90,6.75,2,0,0,36,4,283,0,0
194,69173.41,0,0,6.75,0.0,117,0.0,0.0,0.0,0.0,1,0,681,1,341,25,1,1,90.0,33,74000,90,6.75,2,0,0,36,4,283,0,0
195,69083.84,0,0,6.75,0.0,117,0.0,0.0,0.0,0.0,1,0,681,1,341,25,1,1,90.0,33,74000,90,6.75,2,0,0,36,4,283,0,0
196,68993.77,0,0,6.75,0.0,117,0.0,0.0,0.0,0.0,1,0,681,1,341,25,1,1,90.0,33,74000,90,6.75,2,0,0,36,4,283,0,0
197,68903.19,0,0,6.75,0.0,117,0.0,0.0,0.0,0.0,1,0,681,1,341,25,1,1,90.0,33,74000,90,6.75,2,0,0,36,4,283,0,0
198,68812.1,0,0,6.75,0.0,117,0.0,0.0,0.0,0.0,1,0,681,1,341,25,1,1,90.0,33,74000,90,6.75,2,0,0,36,4,283,0,0
199,68720.5,0,0,6.75,0.0,117,0.0,0.0,0.0,0.0,1,0,681,1,341,25,1,1,90.0,33,74000,90,6.75,2,0,0,36,4,283,0,0
200,68628.38,0,0,6.75,0.0,117,0.0,0.0,0.0,0.0,1,0,681,1,341,25,1,1,90.0,33,74000,90,6.75,2,0,0,36,4,283,0,0
201,68535.74,0,0,6.75,0.0,117,0.0,0.0,0.0,0.0,1,0,681,1,341,25,1,1,90.0,33,74000,90,6.75,2,0,0,36,4,283,0,0
202,0.0,0,0,6.75,0.0,117,0.0,0.0,0.0,0.0,1,0,681,1,341,25,1,1,90.0,33,74000,90,6.75,2,0,0,36,4,283,0,0
203,191000.0,0,0,7.5,0.0,117,0.0,0.0,0.0,0.0,1,0,694,1,341,6,2,0,83.0,15,192000,83,7.5,3,0,0,37,3,472,1,0
204,191000.0,0,0,7.5,0.0,117,0.0,0.0,0.0,0.0,1,0,694,1,341,6,2,0,83.0,15,192000,83,7.5,3,0,0,37,3,472,1,0
205,191000.0,0,0,7.5,0.0,117,0.0,0.0,0.0,0.0,1,0,694,1,341,6,2,0,83.0,15,192000,83,7.5,3,0,0,37,3,472,1,0
206,191000.0,0,0,7.5,0.0,117,0.0,0.0,0.0,0.0,1,0,694,1,341,6,2,0,83.0,15,192000,83,7.5,3,0,0,37,3,472,1,0
207,191000.0,1,0,7.5,0.0,117,0.0,0.0,0.0,0.0,1,0,694,1,341,6,2,0,83.0,15,192000,83,7.5,3,0,0,37,3,472,1,0
208,191000.0,0,0,7.5,0.0,117,0.0,0.0,0.0,0.0,1,0,694,1,341,6,2,0,83.0,15,192000,83,7.5,3,0,0,37,3,472,1,0
209,191000.0,0,0,7.5,0.0,117,0.0,0.0,0.0,0.0,1,0,694,1,341,6,2,0,83.0,15,192000,83,7.5,3,0,0,37,3,472,1,0
210,190462.1,0,0,7.5,0.0,117,0.0,0.0,0.0,0.0,1,0,694,1,341,6,2,0,83.0,15,192000,83,7.5,3,0,0,37,3,472,1,0
211,190312.62,0,0,7.5,0.0,117,0.0,0.0,0.0,0.0,1,0,694,1,341,6,2,0,83.0,15,192000,83,7.5,3,0,0,37,3,472,1,0
212,190162.2,0,0,7.5,0.0,117,0.0,0.0,0.0,0.0,1,0,694,1,341,6,2,0,83.0,15,192000,83,7.5,3,0,0,37,3,472,1,0
213,190010.84,0,0,7.5,0.0,117,0.0,0.0,0.0,0.0,1,0,694,1,341,6,2,0,83.0,15,192000,83,7.5,3,0,0,37,3,472,1,0
214,189858.54,0,0,7.5,0.0,117,0.0,0.0,0.0,0.0,1,0,694,1,341,6,2,0,83.0,15,192000,83,7.5,3,0,0,37,3,472,1,0
215,189705.29,0,0,7.5,0.0,117,0.0,0.0,0.0,0.0,1,0,694,1,341,6,2,0,83.0,15,192000,83,7.5,3,0,0,37,3,472,1,0
216,189551.08,0,0,7.5,0.0,117,0.0,0.0,0.0,0.0,1,0,694,1,341,6,2,0,83.0,15,192000,83,7.5,3,0,0,37,3,472,1,0
217,189395.9,0,0,7.5,0.0,117,0.0,0.0,0.0,0.0,1,0,694,1,341,6,2,0,83.0,15,192000,83,7.5,3,0,0,37,3,472,1,0
218,189239.75,0,0,7.5,0.0,117,0.0,0.0,0.0,0.0,1,0,694,1,341,6,2,0,83.0,15,192000,83,7.5,3,0,0,37,3,472,1,0
219,189082.63,0,0,7.5,0.0,117,0.0,0.0,0.0,0.0,1,0,694,1,341,6,2,0,83.0,15,192000,83,7.5,3,0,0,37,3,472,1,0
220,188924.53,0,0,7.5,0.0,117,0.0,0.0,0.0,0.0,1,0,694,1,341,6,2,0,83.0,15,192000,83,7.5,3,0,0,37,3,472,1,0
221,188924.53,0,0,7.5,0.0,117,0.0,0.0,0.0,0.0,1,0,694,1,341,6,2,0,83.0,15,192000,83,7.5,3,0,0,37,3,472,1,0
222,188765.44,0,0,7.5,0.0,117,0.0,0.0,0.0,0.0,1,0,694,1,341,6,2,0,83.0,15,192000,83,7.5,3,0,0,37,3,472,1,0
223,188605.35,1,0,7.5,0.0,117,0.0,0.0,0.0,0.0,1,0,694,1,341,6,2,0,83.0,15,192000,83,7.5,3,0,0,37,3,472,1,0
224,188282.17,0,0,7.5,0.0,117,0.0,0.0,0.0,0.0,1,0,694,1,341,6,2,0,83.0,15,192000,83,7.5,3,0,0,37,3,472,1,0
225,188282.17,0,0,7.5,0.0,117,0.0,0.0,0.0,0.0,1,0,694,1,341,6,2,0,83.0,15,192000,83,7.5,3,0,0,37,3,472,1,0
226,188119.06,0,0,7.5,0.0,117,0.0,0.0,0.0,0.0,1,0,694,1,341,6,2,0,83.0,15,192000,83,7.5,3,0,0,37,3,472,1,0
227,187954.93,0,0,7.5,0.0,117,0.0,0.0,0.0,0.0,1,0,694,1,341,6,2,0,83.0,15,192000,83,7.5,3,0,0,37,3,472,1,0
228,187954.93,1,0,7.5,0.0,117,0.0,0.0,0.0,0.0,1,0,694,1,341,6,2,0,83.0,15,192000,83,7.5,3,0,0,37,3,472,1,0
229,187789.78,1,0,7.5,0.0,117,0.0,0.0,0.0,0.0,1,0,694,1,341,6,2,0,83.0,15,192000,83,7.5,3,0,0,37,3,472,1,0
230,187789.78,2,0,7.5,0.0,117,0.0,0.0,0.0,0.0,1,0,694,1,341,6,2,0,83.0,15,192000,83,7.5,3,0,0,37,3,472,1,0
231,187288.11,1,0,7.5,0.0,117,0.0,0.0,0.0,0.0,1,0,694,1,341,6,2,0,83.0,15,192000,83,7.5,3,0,0,37,3,472,1,0
232,187288.11,1,0,7.5,0.0,117,0.0,0.0,0.0,0.0,1,0,694,1,341,6,2,0,83.0,15,192000,83,7.5,3,0,0,37,3,472,1,0
233,187118.79,1,0,7.5,0.0,117,0.0,0.0,0.0,0.0,1,0,694,1,341,6,2,0,83.0,15,192000,83,7.5,3,0,0,37,3,472,1,0
234,186776.97,2,0,7.5,0.0,117,0.0,0.0,0.0,0.0,1,0,694,1,341,6,2,0,83.0,15,192000,83,7.5,3,0,0,37,3,472,1,0
235,186604.46,1,0,7.5,0.0,117,0.0,0.0,0.0,0.0,1,0,694,1,341,6,2,0,83.0,15,192000,83,7.5,3,0,0,37,3,472,1,0
236,186430.87,1,0,7.5,0.0,117,0.0,0.0,0.0,0.0,1,0,694,1,341,6,2,0,83.0,15,192000,83,7.5,3,0,0,37,3,472,1,0
237,186430.87,1,0,7.5,0.0,117,0.0,0.0,0.0,0.0,1,0,694,1,341,6,2,0,83.0,15,192000,83,7.5,3,0,0,37,3,472,1,0
238,186256.19,2,0,7.5,0.0,117,0.0,0.0,0.0,0.0,1,0,694,1,341,6,2,0,83.0,15,192000,83,7.5,3,0,0,37,3,472,1,0
239,185903.55,2,0,7.5,0.0,117,0.0,0.0,0.0,0.0,1,0,694,1,341,6,2,0,83.0,15,192000,83,7.5,3,0,0,37,3,472,1,0
240,185546.49,1,0,7.5,0.0,117,0.0,0.0,0.0,0.0,1,0,694,1,341,6,2,0,83.0,15,192000,83,7.5,3,0,0,37,3,472,1,0
241,185366.29,0,0,7.5,0.0,117,0.0,0.0,0.0,0.0,1,0,694,1,341,6,2,0,83.0,15,192000,83,7.5,3,0,0,37,3,472,1,0
242,185184.96,0,0,7.5,0.0,117,0.0,0.0,0.0,0.0,1,0,694,1,341,6,2,0,83.0,15,192000,83,7.5,3,0,0,37,3,472,1,0
243,185002.5,0,0,7.5,0.0,117,0.0,0.0,0.0,0.0,1,0,694,1,341,6,2,0,83.0,15,192000,83,7.5,3,0,0,37,3,472,1,0
244,184818.9,0,0,7.5,0.0,117,0.0,0.0,0.0,0.0,1,0,694,1,341,6,2,0,83.0,15,192000,83,7.5,3,0,0,37,3,472,1,0
245,184634.15,0,0,7.5,0.0,117,0.0,0.0,0.0,0.0,1,0,694,1,341,6,2,0,83.0,15,192000,83,7.5,3,0,0,37,3,472,1,0
246,184448.24,0,0,7.5,0.0,117,0.0,0.0,0.0,0.0,1,0,694,1,341,6,2,0,83.0,15,192000,83,7.5,3,0,0,37,3,472,1,0
247,184261.17,0,0,7.5,0.0,117,0.0,0.0,0.0,0.0,1,0,694,1,341,6,2,0,83.0,15,192000,83,7.5,3,0,0,37,3,472,1,0
248,184072.93,0,0,7.5,0.0,117,0.0,0.0,0.0,0.0,1,0,694,1,341,6,2,0,83.0,15,192000,83,7.5,3,0,0,37,3,472,1,0
249,183883.52,0,0,7.5,0.0,117,0.0,0.0,0.0,0.0,1,0,694,1,341,6,2,0,83.0,15,192000,83,7.5,3,0,0,37,3,472,1,0
250,183692.92,0,0,7.5,0.0,117,0.0,0.0,0.0,0.0,1,0,694,1,341,6,2,0,83.0,15,192000,83,7.5,3,0,0,37,3,472,1,0
251,183501.13,0,0,7.5,0.0,117,0.0,0.0,0.0,0.0,1,0,694,1,341,6,2,0,83.0,15,192000,83,7.5,3,0,0,37,3,472,1,0
252,183308.14,0,0,7.5,0.0,117,0.0,0.0,0.0,0.0,1,0,694,1,341,6,2,0,83.0,15,192000,83,7.5,3,0,0,37,3,472,1,0
253,183113.95,0,0,7.5,0.0,117,0.0,0.0,0.0,0.0,1,0,694,1,341,6,2,0,83.0,15,192000,83,7.5,3,0,0,37,3,472,1,0
254,182918.54,0,0,7.5,0.0,117,0.0,0.0,0.0,0.0,1,0,694,1,341,6,2,0,83.0,15,192000,83,7.5,3,0,0,37,3,472,1,0
255,182721.91,0,0,7.5,0.0,117,0.0,0.0,0.0,0.0,1,0,694,1,341,6,2,0,83.0,15,192000,83,7.5,3,0,0,37,3,472,1,0
256,182524.05,0,0,7.5,0.0,117,0.0,0.0,0.0,0.0,1,0,694,1,341,6,2,0,83.0,15,192000,83,7.5,3,0,0,37,3,472,1,0
257,182324.96,0,0,7.5,0.0,117,0.0,0.0,0.0,0.0,1,0,694,1,341,6,2,0,83.0,15,192000,83,7.5,3,0,0,37,3,472,1,0
258,182124.62,0,0,7.5,0.0,117,0.0,0.0,0.0,0.0,1,0,694,1,341,6,2,0,83.0,15,192000,83,7.5,3,0,0,37,3,472,1,0
259,181923.03,0,0,7.5,0.0,117,0.0,0.0,0.0,0.0,1,0,694,1,341,6,2,0,83.0,15,192000,83,7.5,3,0,0,37,3,472,1,0
260,181720.18,0,0,7.5,0.0,117,0.0,0.0,0.0,0.0,1,0,694,1,341,6,2,0,83.0,15,192000,83,7.5,3,0,0,37,3,472,1,0
261,181516.06,0,0,7.5,0.0,117,0.0,0.0,0.0,0.0,1,0,694,1,341,6,2,0,83.0,15,192000,83,7.5,3,0,0,37,3,472,1,0
262,181310.67,0,0,7.5,0.0,117,0.0,0.0,0.0,0.0,1,0,694,1,341,6,2,0,83.0,15,192000,83,7.5,3,0,0,37,3,472,1,0
263,181103.99,0,0,7.5,0.0,117,0.0,0.0,0.0,0.0,1,0,694,1,341,6,2,0,83.0,15,192000,83,7.5,3,0,0,37,3,472,1,0
264,180896.02,0,0,7.5,0.0,117,0.0,0.0,0.0,0.0,1,0,694,1,341,6,2,0,83.0,15,192000,83,7.5,3,0,0,37,3,472,1,0
265,180686.75,0,0,7.5,0.0,117,0.0,0.0,0.0,0.0,1,0,694,1,341,6,2,0,83.0,15,192000,83,7.5,3,0,0,37,3,472,1,0
266,180476.17,0,0,7.5,0.0,117,0.0,0.0,0.0,0.0,1,0,694,1,341,6,2,0,83.0,15,192000,83,7.5,3,0,0,37,3,472,1,0
267,180264.28,0,0,7.5,0.0,117,0.0,0.0,0.0,0.0,1,0,694,1,341,6,2,0,83.0,15,192000,83,7.5,3,0,0,37,3,472,1,0
268,180051.06,0,0,7.5,0.0,117,0.0,0.0,0.0,0.0,1,0,694,1,341,6,2,0,83.0,15,192000,83,7.5,3,0,0,37,3,472,1,0
269,179836.51,0,0,7.5,0.0,117,0.0,0.0,0.0,0.0,1,0,694,1,341,6,2,0,83.0,15,192000,83,7.5,3,0,0,37,3,472,1,0
270,179403.38,0,0,7.5,0.0,117,0.0,0.0,0.0,0.0,1,0,694,1,341,6,2,0,83.0,15,192000,83,7.5,3,0,0,37,3,472,1,0
271,179403.38,0,0,7.5,0.0,117,0.0,0.0,0.0,0.0,1,0,694,1,341,6,2,0,83.0,15,192000,83,7.5,3,0,0,37,3,472,1,0
272,179184.78,0,0,7.5,0.0,117,0.0,0.0,0.0,0.0,1,0,694,1,341,6,2,0,83.0,15,192000,83,7.5,3,0,0,37,3,472,1,0
273,178964.81,0,0,7.5,0.0,117,0.0,0.0,0.0,0.0,1,0,694,1,341,6,2,0,83.0,15,192000,83,7.5,3,0,0,37,3,472,1,0
274,178743.47,0,0,7.5,0.0,117,0.0,0.0,0.0,0.0,1,0,694,1,341,6,2,0,83.0,15,192000,83,7.5,3,0,0,37,3,472,1,0
275,178520.75,0,0,7.5,0.0,117,0.0,0.0,0.0,0.0,1,0,694,1,341,6,2,0,83.0,15,192000,83,7.5,3,0,0,37,3,472,1,0
276,178157.23,0,0,7.5,0.0,117,0.0,0.0,0.0,0.0,1,0,694,1,341,6,2,0,83.0,15,192000,83,7.5,3,0,0,37,3,472,1,0
277,177930.84,0,0,7.5,0.0,117,0.0,0.0,0.0,0.0,1,0,694,1,341,6,2,0,83.0,15,192000,83,7.5,3,0,0,37,3,472,1,0
278,177930.84,0,0,7.5,0.0,117,0.0,0.0,0.0,0.0,1,0,694,1,341,6,2,0,83.0,15,192000,83,7.5,3,0,0,37,3,472,1,0
279,177473.81,0,0,7.5,0.0,117,0.0,0.0,0.0,0.0,1,0,694,1,341,6,2,0,83.0,15,192000,83,7.5,3,0,0,37,3,472,1,0
280,177243.15,0,0,7.5,0.0,117,0.0,0.0,0.0,0.0,1,0,694,1,341,6,2,0,83.0,15,192000,83,7.5,3,0,0,37,3,472,1,0
281,177011.05,0,0,7.5,0.0,117,0.0,0.0,0.0,0.0,1,0,694,1,341,6,2,0,83.0,15,192000,83,7.5,3,0,0,37,3,472,1,0
282,176777.5,0,0,7.5,0.0,117,0.0,0.0,0.0,0.0,1,0,694,1,341,6,2,0,83.0,15,192000,83,7.5,3,0,0,37,3,472,1,0
283,176542.49,0,0,7.5,0.0,117,0.0,0.0,0.0,0.0,1,0,694,1,341,6,2,0,83.0,15,192000,83,7.5,3,0,0,37,3,472,1,0
284,176306.01,0,0,7.5,0.0,117,0.0,0.0,0.0,0.0,1,0,694,1,341,6,2,0,83.0,15,192000,83,7.5,3,0,0,37,3,472,1,0
285,176068.05,0,0,7.5,0.0,117,0.0,0.0,0.0,0.0,1,0,694,1,341,6,2,0,83.0,15,192000,83,7.5,3,0,0,37,3,472,1,0
286,175828.61,0,0,7.5,0.0,117,0.0,0.0,0.0,0.0,1,0,694,1,341,6,2,0,83.0,15,192000,83,7.5,3,0,0,37,3,472,1,0
287,175587.67,0,0,7.5,0.0,117,0.0,0.0,0.0,0.0,1,0,694,1,341,6,2,0,83.0,15,192000,83,7.5,3,0,0,37,3,472,1,0
288,175345.22,0,0,7.5,0.0,117,0.0,0.0,0.0,0.0,1,0,694,1,341,6,2,0,83.0,15,192000,83,7.5,3,0,0,37,3,472,1,0
289,174997.46,0,0,7.5,0.0,117,0.0,0.0,0.0,0.0,1,0,694,1,341,6,2,0,83.0,15,192000,83,7.5,3,0,0,37,3,472,1,0
290,174751.32,0,0,7.5,0.0,117,0.0,0.0,0.0,0.0,1,0,694,1,341,6,2,0,83.0,15,192000,83,7.5,3,0,0,37,3,472,1,0
291,174503.65,0,0,7.5,0.0,117,0.0,0.0,0.0,0.0,1,0,694,1,341,6,2,0,83.0,15,192000,83,7.5,3,0,0,37,3,472,1,0
292,174254.43,0,0,7.5,0.0,117,0.0,0.0,0.0,0.0,1,0,694,1,341,6,2,0,83.0,15,192000,83,7.5,3,0,0,37,3,472,1,0
293,174003.65,0,0,7.5,0.0,117,0.0,0.0,0.0,0.0,1,0,694,1,341,6,2,0,83.0,15,192000,83,7.5,3,0,0,37,3,472,1,0
294,173751.3,0,0,7.5,0.0,117,0.0,0.0,0.0,0.0,1,0,694,1,341,6,2,0,83.0,15,192000,83,7.5,3,0,0,37,3,472,1,0
295,173497.38,0,0,7.5,0.0,117,0.0,0.0,0.0,0.0,1,0,694,1,341,6,2,0,83.0,15,192000,83,7.5,3,0,0,37,3,472,1,0
296,173241.87,0,0,7.5,0.0,117,0.0,0.0,0.0,0.0,1,0,694,1,341,6,2,0,83.0,15,192000,83,7.5,3,0,0,37,3,472,1,0
297,172984.76,0,0,7.5,0.0,117,0.0,0.0,0.0,0.0,1,0,694,1,341,6,2,0,83.0,15,192000,83,7.5,3,0,0,37,3,472,1,0
298,172726.04,0,0,7.5,0.0,117,0.0,0.0,0.0,0.0,1,0,694,1,341,6,2,0,83.0,15,192000,83,7.5,3,0,0,37,3,472,1,0
299,172465.71,0,0,7.5,0.0,117,0.0,0.0,0.0,0.0,1,0,694,1,341,6,2,0,83.0,15,192000,83,7.5,3,0,0,37,3,472,1,0
300,172203.75,0,0,7.5,0.0,117,0.0,0.0,0.0,0.0,1,0,694,1,341,6,2,0,83.0,15,192000,83,7.5,3,0,0,37,3,472,1,0
301,171940.15,0,0,7.5,0.0,117,0.0,0.0,0.0,0.0,1,0,694,1,341,6,2,0,83.0,15,192000,83,7.5,3,0,0,37,3,472,1,0
302,171674.91,0,0,7.5,0.0,117,0.0,0.0,0.0,0.0,1,0,694,1,341,6,2,0,83.0,15,192000,83,7.5,3,0,0,37,3,472,1,0
303,171408.01,0,0,7.5,0.0,117,0.0,0.0,0.0,0.0,1,0,694,1,341,6,2,0,83.0,15,192000,83,7.5,3,0,0,37,3,472,1,0
304,171139.44,0,0,7.5,0.0,117,0.0,0.0,0.0,0.0,1,0,694,1,341,6,2,0,83.0,15,192000,83,7.5,3,0,0,37,3,472,1,0
305,170869.19,0,0,7.5,0.0,117,0.0,0.0,0.0,0.0,1,0,694,1,341,6,2,0,83.0,15,192000,83,7.5,3,0,0,37,3,472,1,0
306,170597.25,0,0,7.5,0.0,117,0.0,0.0,0.0,0.0,1,0,694,1,341,6,2,0,83.0,15,192000,83,7.5,3,0,0,37,3,472,1,0
307,170131.34,0,0,7.5,0.0,117,0.0,0.0,0.0,0.0,1,0,694,1,341,6,2,0,83.0,15,192000,83,7.5,3,0,0,37,3,472,1,0
308,169854.79,0,0,7.5,0.0,117,0.0,0.0,0.0,0.0,1,0,694,1,341,6,2,0,83.0,15,192000,83,7.5,3,0,0,37,3,472,1,0
309,169576.51,0,0,7.5,0.0,117,0.0,0.0,0.0,0.0,1,0,694,1,341,6,2,0,83.0,15,192000,83,7.5,3,0,0,37,3,472,1,0
310,169296.49,0,0,7.5,0.0,117,0.0,0.0,0.0,0.0,1,0,694,1,341,6,2,0,83.0,15,192000,83,7.5,3,0,0,37,3,472,1,0
311,169014.72,0,0,7.5,0.0,117,0.0,0.0,0.0,0.0,1,0,694,1,341,6,2,0,83.0,15,192000,83,7.5,3,0,0,37,3,472,1,0
312,168731.19,0,0,7.5,0.0,117,0.0,0.0,0.0,0.0,1,0,694,1,341,6,2,0,83.0,15,192000,83,7.5,3,0,0,37,3,472,1,0
313,168445.89,0,0,7.5,0.0,117,0.0,0.0,0.0,0.0,1,0,694,1,341,6,2,0,83.0,15,192000,83,7.5,3,0,0,37,3,472,1,0
314,168158.81,0,0,7.5,0.0,117,0.0,0.0,0.0,0.0,1,0,694,1,341,6,2,0,83.0,15,192000,83,7.5,3,0,0,37,3,472,1,0
315,167579.25,0,0,7.5,0.0,117,0.0,0.0,0.0,0.0,1,0,694,1,341,6,2,0,83.0,15,192000,83,7.5,3,0,0,37,3,472,1,0
316,167579.25,0,0,7.5,0.0,117,0.0,0.0,0.0,0.0,1,0,694,1,341,6,2,0,83.0,15,192000,83,7.5,3,0,0,37,3,472,1,0
317,167286.75,0,0,7.5,0.0,117,0.0,0.0,0.0,0.0,1,0,694,1,341,6,2,0,83.0,15,192000,83,7.5,3,0,0,37,3,472,1,0
318,166992.42,0,0,7.5,0.0,117,0.0,0.0,0.0,0.0,1,0,694,1,341,6,2,0,83.0,15,192000,83,7.5,3,0,0,37,3,472,1,0
319,295000.0,0,0,7.25,0.0,117,0.0,0.0,0.0,0.0,1,0,763,1,61,0,1,1,79.0,45,375000,58,7.25,3,0,0,15,4,392,1,0
320,295000.0,0,0,7.25,0.0,117,0.0,0.0,0.0,0.0,1,0,763,1,61,0,1,1,79.0,45,375000,58,7.25,3,0,0,15,4,392,1,0
321,284000.0,0,0,7.25,0.0,117,0.0,0.0,0.0,0.0,1,0,763,1,61,0,1,1,79.0,45,375000,58,7.25,3,0,0,15,4,392,1,0
322,0.0,0,0,7.25,0.0,117,0.0,0.0,0.0,0.0,1,0,763,1,61,0,1,1,79.0,45,375000,58,7.25,3,0,0,15,4,392,1,0
323,170000.0,0,0,6.0,0.0,117,0.0,0.0,0.0,0.0,1,0,783,1,278,0,1,1,24.0,26,170000,24,6.0,3,0,0,4,4,593,0,0
324,170000.0,0,0,6.0,0.0,117,0.0,0.0,0.0,0.0,1,0,783,1,278,0,1,1,24.0,26,170000,24,6.0,3,0,0,4,4,593,0,0
325,170000.0,0,0,6.0,0.0,117,0.0,0.0,0.0,0.0,1,0,783,1,278,0,1,1,24.0,26,170000,24,6.0,3,0,0,4,4,593,0,0
326,169000.0,0,0,6.0,0.0,117,0.0,0.0,0.0,0.0,1,0,783,1,278,0,1,1,24.0,26,170000,24,6.0,3,0,0,4,4,593,0,0
327,169000.0,0,0,6.0,0.0,117,0.0,0.0,0.0,0.0,1,0,783,1,278,0,1,1,24.0,26,170000,24,6.0,3,0,0,4,4,593,0,0
328,169000.0,0,0,6.0,0.0,117,0.0,0.0,0.0,0.0,1,0,783,1,278,0,1,1,24.0,26,170000,24,6.0,3,0,0,4,4,593,0,0
329,169000.0,0,0,6.0,0.0,117,0.0,0.0,0.0,0.0,1,0,783,1,278,0,1,1,24.0,26,170000,24,6.0,3,0,0,4,4,593,0,0
330,168797.4,0,0,6.0,0.0,117,0.0,0.0,0.0,0.0,1,0,783,1,278,0,1,1,24.0,26,170000,24,6.0,3,0,0,4,4,593,0,0
331,168622.15,0,0,6.0,0.0,117,0.0,0.0,0.0,0.0,1,0,783,1,278,0,1,1,24.0,26,170000,24,6.0,3,0,0,4,4,593,0,0
332,168446.02,0,0,6.0,0.0,117,0.0,0.0,0.0,0.0,1,0,783,1,278,0,1,1,24.0,26,170000,24,6.0,3,0,0,4,4,593,0,0
333,168269.01,0,0,6.0,0.0,117,0.0,0.0,0.0,0.0,1,0,783,1,278,0,1,1,24.0,26,170000,24,6.0,3,0,0,4,4,593,0,0
334,168091.12,0,0,6.0,0.0,117,0.0,0.0,0.0,0.0,1,0,783,1,278,0,1,1,24.0,26,170000,24,6.0,3,0,0,4,4,593,0,0
335,167912.34,0,0,6.0,0.0,117,0.0,0.0,0.0,0.0,1,0,783,1,278,0,1,1,24.0,26,170000,24,6.0,3,0,0,4,4,593,0,0
336,167732.66,0,0,6.0,0.0,117,0.0,0.0,0.0,0.0,1,0,783,1,278,0,1,1,24.0,26,170000,24,6.0,3,0,0,4,4,593,0,0
337,167552.08,0,0,6.0,0.0,117,0.0,0.0,0.0,0.0,1,0,783,1,278,0,1,1,24.0,26,170000,24,6.0,3,0,0,4,4,593,0,0
338,167370.6,0,0,6.0,0.0,117,0.0,0.0,0.0,0.0,1,0,783,1,278,0,1,1,24.0,26,170000,24,6.0,3,0,0,4,4,593,0,0
339,167188.21,0,0,6.0,0.0,117,0.0,0.0,0.0,0.0,1,0,783,1,278,0,1,1,24.0,26,170000,24,6.0,3,0,0,4,4,593,0,0
340,167004.91,0,0,6.0,0.0,117,0.0,0.0,0.0,0.0,1,0,783,1,278,0,1,1,24.0,26,170000,24,6.0,3,0,0,4,4,593,0,0
341,166820.69,0,0,6.0,0.0,117,0.0,0.0,0.0,0.0,1,0,783,1,278,0,1,1,24.0,26,170000,24,6.0,3,0,0,4,4,593,0,0
342,166635.55,0,0,6.0,0.0,117,0.0,0.0,0.0,0.0,1,0,783,1,278,0,1,1,24.0,26,170000,24,6.0,3,0,0,4,4,593,0,0
343,166449.49,0,0,6.0,0.0,117,0.0,0.0,0.0,0.0,1,0,783,1,278,0,1,1,24.0,26,170000,24,6.0,3,0,0,4,4,593,0,0
344,166262.5,0,0,6.0,0.0,117,0.0,0.0,0.0,0.0,1,0,783,1,278,0,1,1,24.0,26,170000,24,6.0,3,0,0,4,4,593,0,0
345,166074.57,0,0,6.0,0.0,117,0.0,0.0,0.0,0.0,1,0,783,1,278,0,1,1,24.0,26,170000,24,6.0,3,0,0,4,4,593,0,0
346,165885.7,0,0,6.0,0.0,117,0.0,0.0,0.0,0.0,1,0,783,1,278,0,1,1,24.0,26,170000,24,6.0,3,0,0,4,4,593,0,0
347,165695.89,0,0,6.0,0.0,117,0.0,0.0,0.0,0.0,1,0,783,1,278,0,1,1,24.0,26,170000,24,6.0,3,0,0,4,4,593,0,0
348,165505.13,0,0,6.0,0.0,117,0.0,0.0,0.0,0.0,1,0,783,1,278,0,1,1,24.0,26,170000,24,6.0,3,0,0,4,4,593,0,0
349,165313.42,0,0,6.0,0.0,117,0.0,0.0,0.0,0.0,1,0,783,1,278,0,1,1,24.0,26,170000,24,6.0,3,0,0,4,4,593,0,0
350,165120.75,0,0,6.0,0.0,117,0.0,0.0,0.0,0.0,1,0,783,1,278,0,1,1,24.0,26,170000,24,6.0,3,0,0,4,4,593,0,0
351,164927.11,0,0,6.0,0.0,117,0.0,0.0,0.0,0.0,1,0,783,1,278,0,1,1,24.0,26,170000,24,6.0,3,0,0,4,4,593,0,0
352,164732.51,0,0,6.0,0.0,117,0.0,0.0,0.0,0.0,1,0,783,1,278,0,1,1,24.0,26,170000,24,6.0,3,0,0,4,4,593,0,0
353,164536.93,0,0,6.0,0.0,117,0.0,0.0,0.0,0.0,1,0,783,1,278,0,1,1,24.0,26,170000,24,6.0,3,0,0,4,4,593,0,0
354,164340.37,0,0,6.0,0.0,117,0.0,0.0,0.0,0.0,1,0,783,1,278,0,1,1,24.0,26,170000,24,6.0,3,0,0,4,4,593,0,0
355,164142.83,0,0,6.0,0.0,117,0.0,0.0,0.0,0.0,1,0,783,1,278,0,1,1,24.0,26,170000,24,6.0,3,0,0,4,4,593,0,0
356,163944.3,0,0,6.0,0.0,117,0.0,0.0,0.0,0.0,1,0,783,1,278,0,1,1,24.0,26,170000,24,6.0,3,0,0,4,4,593,0,0
357,163744.78,0,0,6.0,0.0,117,0.0,0.0,0.0,0.0,1,0,783,1,278,0,1,1,24.0,26,170000,24,6.0,3,0,0,4,4,593,0,0
358,163544.26,0,0,6.0,0.0,117,0.0,0.0,0.0,0.0,1,0,783,1,278,0,1,1,24.0,26,170000,24,6.0,3,0,0,4,4,593,0,0
359,163342.74,0,0,6.0,0.0,117,0.0,0.0,0.0,0.0,1,0,783,1,278,0,1,1,24.0,26,170000,24,6.0,3,0,0,4,4,593,0,0
360,163140.21,0,0,6.0,0.0,117,0.0,0.0,0.0,0.0,1,0,783,1,278,0,1,1,24.0,26,170000,24,6.0,3,0,0,4,4,593,0,0
361,162936.67,0,0,6.0,0.0,117,0.0,0.0,0.0,0.0,1,0,783,1,278,0,1,1,24.0,26,170000,24,6.0,3,0,0,4,4,593,0,0
362,162732.11,0,0,6.0,0.0,117,0.0,0.0,0.0,0.0,1,0,783,1,278,0,1,1,24.0,26,170000,24,6.0,3,0,0,4,4,593,0,0
363,0.0,0,0,6.0,0.0,117,0.0,0.0,0.0,0.0,1,0,783,1,278,0,1,1,24.0,26,170000,24,6.0,3,0,0,4,4,593,0,0
364,344000.0,0,0,7.25,0.0,117,0.0,0.0,0.0,0.0,1,0,756,1,162,0,1,1,69.0,61,344000,69,7.25,3,0,0,15,4,392,1,0
365,344000.0,0,0,7.25,0.0,117,0.0,0.0,0.0,0.0,1,0,756,1,162,0,1,1,69.0,61,344000,69,7.25,3,0,0,15,4,392,1,0
366,344000.0,0,0,7.25,0.0,117,0.0,0.0,0.0,0.0,1,0,756,1,162,0,1,1,69.0,61,344000,69,7.25,3,0,0,15,4,392,1,0
367,343000.0,0,0,7.25,0.0,117,0.0,0.0,0.0,0.0,1,0,756,1,162,0,1,1,69.0,61,344000,69,7.25,3,0,0,15,4,392,1,0
368,0.0,0,0,7.25,0.0,117,0.0,0.0,0.0,0.0,1,0,756,1,162,0,1,1,69.0,61,344000,69,7.25,3,0,0,15,4,392,1,0
369,280000.0,0,0,6.0,0.0,117,0.0,0.0,0.0,0.0,1,0,590,1,22,0,1,1,77.0,37,280000,77,6.0,3,0,0,21,3,131,1,0
370,279000.0,0,0,6.0,0.0,117,0.0,0.0,0.0,0.0,1,0,590,1,22,0,1,1,77.0,37,280000,77,6.0,3,0,0,21,3,131,1,0
371,279000.0,0,0,6.0,0.0,117,0.0,0.0,0.0,0.0,1,0,590,1,22,0,1,1,77.0,37,280000,77,6.0,3,0,0,21,3,131,1,0
372,279000.0,0,0,6.0,0.0,117,0.0,0.0,0.0,0.0,1,0,590,1,22,0,1,1,77.0,37,280000,77,6.0,3,0,0,21,3,131,1,0
373,279000.0,0,0,6.0,0.0,117,0.0,0.0,0.0,0.0,1,0,590,1,22,0,1,1,77.0,37,280000,77,6.0,3,0,0,21,3,131,1,0
374,278000.0,0,0,6.0,0.0,117,0.0,0.0,0.0,0.0,1,0,590,1,22,0,1,1,77.0,37,280000,77,6.0,3,0,0,21,3,131,1,0
375,278000.0,0,0,6.0,0.0,117,0.0,0.0,0.0,0.0,1,0,590,1,22,0,1,1,77.0,37,280000,77,6.0,3,0,0,21,3,131,1,0
376,277333.77,0,0,6.0,0.0,117,0.0,0.0,0.0,0.0,1,0,590,1,22,0,1,1,77.0,37,280000,77,6.0,3,0,0,21,3,131,1,0
377,277041.68,0,0,6.0,0.0,117,0.0,0.0,0.0,0.0,1,0,590,1,22,0,1,1,77.0,37,280000,77,6.0,3,0,0,21,3,131,1,0
378,276748.13,0,0,6.0,0.0,117,0.0,0.0,0.0,0.0,1,0,590,1,22,0,1,1,77.0,37,280000,77,6.0,3,0,0,21,3,131,1,0
379,276453.11,0,0,6.0,0.0,117,0.0,0.0,0.0,0.0,1,0,590,1,22,0,1,1,77.0,37,280000,77,6.0,3,0,0,21,3,131,1,0
380,276156.62,0,0,6.0,0.0,117,0.0,0.0,0.0,0.0,1,0,590,1,22,0,1,1,77.0,37,280000,77,6.0,3,0,0,21,3,131,1,0
381,274873.64,0,0,6.0,0.0,117,0.0,0.0,0.0,0.0,1,0,590,1,22,0,1,1,77.0,37,280000,77,6.0,3,0,0,21,3,131,1,0
382,274570.73,0,0,6.0,0.0,117,0.0,0.0,0.0,0.0,1,0,590,1,22,0,1,1,77.0,37,280000,77,6.0,3,0,0,21,3,131,1,0
383,274264.82,0,0,6.0,0.0,117,0.0,0.0,0.0,0.0,1,0,590,1,22,0,1,1,77.0,37,280000,77,6.0,3,0,0,21,3,131,1,0
384,273957.38,0,0,6.0,0.0,117,0.0,0.0,0.0,0.0,1,0,590,1,22,0,1,1,77.0,37,280000,77,6.0,3,0,0,21,3,131,1,0
385,273648.41,0,0,6.0,0.0,117,0.0,0.0,0.0,0.0,1,0,590,1,22,0,1,1,77.0,37,280000,77,6.0,3,0,0,21,3,131,1,0
386,273337.89,0,0,6.0,0.0,117,0.0,0.0,0.0,0.0,1,0,590,1,22,0,1,1,77.0,37,280000,77,6.0,3,0,0,21,3,131,1,0
387,273337.89,0,0,6.0,0.0,117,0.0,0.0,0.0,0.0,1,0,590,1,22,0,1,1,77.0,37,280000,77,6.0,3,0,0,21,3,131,1,0
388,272008.04,0,0,6.0,0.0,117,0.0,0.0,0.0,0.0,1,0,590,1,22,0,1,1,77.0,37,280000,77,6.0,3,0,0,21,3,131,1,0
389,272008.04,0,0,6.0,0.0,117,0.0,0.0,0.0,0.0,1,0,590,1,22,0,1,1,77.0,37,280000,77,6.0,3,0,0,21,3,131,1,0
390,272008.04,0,0,6.0,0.0,117,0.0,0.0,0.0,0.0,1,0,590,1,22,0,1,1,77.0,37,280000,77,6.0,3,0,0,21,3,131,1,0
391,271689.34,0,0,6.0,0.0,117,0.0,0.0,0.0,0.0,1,0,590,1,22,0,1,1,77.0,37,280000,77,6.0,3,0,0,21,3,131,1,0
392,271689.34,3,0,6.0,0.0,117,0.0,0.0,0.0,0.0,1,0,590,1,22,0,1,1,77.0,37,280000,77,6.0,3,0,0,21,3,131,1,0
393,271689.34,4,0,6.0,0.0,117,0.0,0.0,0.0,0.0,1,0,590,1,22,0,1,1,77.0,37,280000,77,6.0,3,0,0,21,3,131,1,0
394,269743.41,0,0,6.0,0.0,117,0.0,0.0,0.0,0.0,1,0,590,1,22,0,1,1,77.0,37,280000,77,6.0,3,0,0,21,3,131,1,0
395,269413.39,0,0,6.0,0.0,117,0.0,0.0,0.0,0.0,1,0,590,1,22,0,1,1,77.0,37,280000,77,6.0,3,0,0,21,3,131,1,0
396,269413.39,0,0,6.0,0.0,117,0.0,0.0,0.0,0.0,1,0,590,1,22,0,1,1,77.0,37,280000,77,6.0,3,0,0,21,3,131,1,0
397,268664.03,0,0,6.0,0.0,117,0.0,0.0,0.0,0.0,1,0,590,1,22,0,1,1,77.0,37,280000,77,6.0,3,0,0,21,3,131,1,0
398,268328.61,0,0,6.0,0.0,117,0.0,0.0,0.0,0.0,1,0,590,1,22,0,1,1,77.0,37,280000,77,6.0,3,0,0,21,3,131,1,0
399,267991.51,0,0,6.0,0.0,117,0.0,0.0,0.0,0.0,1,0,590,1,22,0,1,1,77.0,37,280000,77,6.0,3,0,0,21,3,131,1,0
400,267991.51,0,0,6.0,0.0,117,0.0,0.0,0.0,0.0,1,0,590,1,22,0,1,1,77.0,37,280000,77,6.0,3,0,0,21,3,131,1,0
401,267312.25,0,0,6.0,0.0,117,0.0,0.0,0.0,0.0,1,0,590,1,22,0,1,1,77.0,37,280000,77,6.0,3,0,0,21,3,131,1,0
402,267312.25,0,0,6.0,0.0,117,0.0,0.0,0.0,0.0,1,0,590,1,22,0,1,1,77.0,37,280000,77,6.0,3,0,0,21,3,131,1,0
403,266970.07,0,0,6.0,0.0,117,0.0,0.0,0.0,0.0,1,0,590,1,22,0,1,1,77.0,37,280000,77,6.0,3,0,0,21,3,131,1,0
404,266626.18,0,0,6.0,0.0,117,0.0,0.0,0.0,0.0,1,0,590,1,22,0,1,1,77.0,37,280000,77,6.0,3,0,0,21,3,131,1,0
405,265933.23,0,0,6.0,0.0,117,0.0,0.0,0.0,0.0,1,0,590,1,22,0,1,1,77.0,37,280000,77,6.0,3,0,0,21,3,131,1,0
406,265933.23,0,0,6.0,0.0,117,0.0,0.0,0.0,0.0,1,0,590,1,22,0,1,1,77.0,37,280000,77,6.0,3,0,0,21,3,131,1,0
407,265584.16,0,0,6.0,0.0,117,0.0,0.0,0.0,0.0,1,0,590,1,22,0,1,1,77.0,37,280000,77,6.0,3,0,0,21,3,131,1,0
408,265233.34,0,0,6.0,0.0,117,0.0,0.0,0.0,0.0,1,0,590,1,22,0,1,1,77.0,37,280000,77,6.0,3,0,0,21,3,131,1,0
409,264880.77,0,0,6.0,0.0,117,0.0,0.0,0.0,0.0,1,0,590,1,22,0,1,1,77.0,37,280000,77,6.0,3,0,0,21,3,131,1,0
410,264170.32,0,0,6.0,0.0,117,0.0,0.0,0.0,0.0,1,0,590,1,22,0,1,1,77.0,37,280000,77,6.0,3,0,0,21,3,131,1,0
411,263812.43,0,0,6.0,0.0,117,0.0,0.0,0.0,0.0,1,0,590,1,22,0,1,1,77.0,37,280000,77,6.0,3,0,0,21,3,131,1,0
412,263452.75,0,0,6.0,0.0,117,0.0,0.0,0.0,0.0,1,0,590,1,22,0,1,1,77.0,37,280000,77,6.0,3,0,0,21,3,131,1,0
413,263452.75,0,0,6.0,0.0,117,0.0,0.0,0.0,0.0,1,0,590,1,22,0,1,1,77.0,37,280000,77,6.0,3,0,0,21,3,131,1,0
414,263091.27,0,0,6.0,0.0,117,0.0,0.0,0.0,0.0,1,0,590,1,22,0,1,1,77.0,37,280000,77,6.0,3,0,0,21,3,131,1,0
415,263091.27,1,0,6.0,0.0,117,0.0,0.0,0.0,0.0,1,0,590,1,22,0,1,1,77.0,37,280000,77,6.0,3,0,0,21,3,131,1,0
416,263091.27,2,0,6.0,0.0,117,0.0,0.0,0.0,0.0,1,0,590,1,22,0,1,1,77.0,37,280000,77,6.0,3,0,0,21,3,131,1,0
417,262727.99,2,0,6.0,0.0,117,0.0,0.0,0.0,0.0,1,0,590,1,22,0,1,1,77.0,37,280000,77,6.0,3,0,0,21,3,131,1,0
418,261627.2,0,0,6.0,0.0,117,0.0,0.0,0.0,0.0,1,0,590,1,22,0,1,1,77.0,37,280000,77,6.0,3,0,0,21,3,131,1,0
419,261627.2,1,0,6.0,0.0,117,0.0,0.0,0.0,0.0,1,0,590,1,22,0,1,1,77.0,37,280000,77,6.0,3,0,0,21,3,131,1,0
420,261627.2,2,0,6.0,0.0,117,0.0,0.0,0.0,0.0,1,0,590,1,22,0,1,1,77.0,37,280000,77,6.0,3,0,0,21,3,131,1,0
421,270757.27,3,1,6.0,0.0,117,0.0,0.0,0.0,0.0,0,0,590,1,22,0,1,1,77.0,37,280000,77,6.0,3,0,0,21,3,131,1,0
422,270757.27,0,0,5.625,0.0,117,0.0,0.0,0.0,0.0,1,0,590,1,22,0,1,1,77.0,37,280000,77,6.0,3,0,0,21,3,131,1,0
423,270359.91,0,0,5.625,0.0,117,0.0,0.0,0.0,0.0,1,0,590,1,22,0,1,1,77.0,37,280000,77,6.0,3,0,0,21,3,131,1,0
424,269960.68,0,0,5.625,0.0,117,0.0,0.0,0.0,0.0,1,0,590,1,22,0,1,1,77.0,37,280000,77,6.0,3,0,0,21,3,131,1,0
425,269559.58,0,0,5.625,0.0,117,0.0,0.0,0.0,0.0,1,0,590,1,22,0,1,1,77.0,37,280000,77,6.0,3,0,0,21,3,131,1,0
426,269559.58,0,0,5.625,0.0,117,0.0,0.0,0.0,0.0,1,0,590,1,22,0,1,1,77.0,37,280000,77,6.0,3,0,0,21,3,131,1,0
427,268751.73,0,0,5.625,0.0,117,0.0,0.0,0.0,0.0,1,0,590,1,22,0,1,1,77.0,37,280000,77,6.0,3,0,0,21,3,131,1,0
428,268344.97,0,0,5.625,0.0,117,0.0,0.0,0.0,0.0,1,0,590,1,22,0,1,1,77.0,37,280000,77,6.0,3,0,0,21,3,131,1,0
429,267369.85,0,0,5.625,0.0,117,0.0,0.0,0.0,0.0,1,0,590,1,22,0,1,1,77.0,37,280000,77,6.0,3,0,0,21,3,131,1,0
430,266956.61,0,0,5.625,0.0,117,0.0,0.0,0.0,0.0,1,0,590,1,22,0,1,1,77.0,37,280000,77,6.0,3,0,0,21,3,131,1,0
431,266541.43,0,0,5.625,0.0,117,0.0,0.0,0.0,0.0,1,0,590,1,22,0,1,1,77.0,37,280000,77,6.0,3,0,0,21,3,131,1,0
432,266541.43,0,0,5.625,0.0,117,0.0,0.0,0.0,0.0,1,0,590,1,22,0,1,1,77.0,37,280000,77,6.0,3,0,0,21,3,131,1,0
433,266541.43,1,0,5.625,0.0,117,0.0,0.0,0.0,0.0,1,0,590,1,22,0,1,1,77.0,37,280000,77,6.0,3,0,0,21,3,131,1,0
434,266120.87,1,0,5.625,0.0,117,0.0,0.0,0.0,0.0,1,0,590,1,22,0,1,1,77.0,37,280000,77,6.0,3,0,0,21,3,131,1,0
435,265698.34,1,0,5.625,0.0,117,0.0,0.0,0.0,0.0,1,0,590,1,22,0,1,1,77.0,37,280000,77,6.0,3,0,0,21,3,131,1,0
436,265698.34,2,0,5.625,0.0,117,0.0,0.0,0.0,0.0,1,0,590,1,22,0,1,1,77.0,37,280000,77,6.0,3,0,0,21,3,131,1,0
437,265698.34,3,0,5.625,0.0,117,0.0,0.0,0.0,0.0,1,0,590,1,22,0,1,1,77.0,37,280000,77,6.0,3,0,0,21,3,131,1,0
438,265698.34,4,0,5.625,0.0,117,0.0,0.0,0.0,0.0,1,0,590,1,22,0,1,1,77.0,37,280000,77,6.0,3,0,0,21,3,131,1,0
439,265698.34,5,0,5.625,0.0,117,0.0,0.0,0.0,0.0,1,0,590,1,22,0,1,1,77.0,37,280000,77,6.0,3,0,0,21,3,131,1,0
440,265273.83,6,0,5.625,0.0,117,0.0,0.0,0.0,0.0,1,0,590,1,22,0,1,1,77.0,37,280000,77,6.0,3,0,0,21,3,131,1,0
441,275842.66,6,1,5.625,0.0,117,0.0,0.0,0.0,0.0,0,0,590,1,22,0,1,1,77.0,37,280000,77,6.0,3,0,0,21,3,131,1,0
442,273967.33,0,0,4.625,0.0,117,0.0,0.0,0.0,0.0,1,0,590,1,22,0,1,1,77.0,37,280000,77,6.0,3,0,0,21,3,131,1,0
443,273760.91,0,0,4.625,0.0,117,0.0,0.0,0.0,0.0,1,0,590,1,22,0,1,1,77.0,37,280000,77,6.0,3,0,0,21,3,131,1,0
444,273760.91,0,0,4.625,0.0,117,0.0,0.0,0.0,0.0,1,0,590,1,22,0,1,1,77.0,37,280000,77,6.0,3,0,0,21,3,131,1,0
445,272273.69,0,0,4.625,0.0,117,0.0,0.0,0.0,0.0,1,0,590,1,22,0,1,1,77.0,37,280000,77,6.0,3,0,0,21,3,131,1,0
446,271846.97,0,0,4.625,0.0,117,0.0,0.0,0.0,0.0,1,0,590,1,22,0,1,1,77.0,37,280000,77,6.0,3,0,0,21,3,131,1,0
447,271846.97,0,0,4.625,0.0,117,0.0,0.0,0.0,0.0,1,0,590,1,22,0,1,1,77.0,37,280000,77,6.0,3,0,0,21,3,131,1,0
448,271632.37,0,0,4.625,0.0,117,0.0,0.0,0.0,0.0,1,0,590,1,22,0,1,1,77.0,37,280000,77,6.0,3,0,0,21,3,131,1,0
449,271416.95,0,0,4.625,0.0,117,0.0,0.0,0.0,0.0,1,0,590,1,22,0,1,1,77.0,37,280000,77,6.0,3,0,0,21,3,131,1,0
450,270983.61,0,0,4.625,0.0,117,0.0,0.0,0.0,0.0,1,0,590,1,22,0,1,1,77.0,37,280000,77,6.0,3,0,0,21,3,131,1,0
451,270765.69,0,0,4.625,0.0,117,0.0,0.0,0.0,0.0,1,0,590,1,22,0,1,1,77.0,37,280000,77,6.0,3,0,0,21,3,131,1,0
452,270765.69,0,0,4.625,0.0,117,0.0,0.0,0.0,0.0,1,0,590,1,22,0,1,1,77.0,37,280000,77,6.0,3,0,0,21,3,131,1,0
453,270546.93,0,0,4.625,0.0,117,0.0,0.0,0.0,0.0,1,0,590,1,22,0,1,1,77.0,37,280000,77,6.0,3,0,0,21,3,131,1,0
454,270327.32,0,0,4.625,0.0,117,0.0,0.0,0.0,0.0,1,0,590,1,22,0,1,1,77.0,37,280000,77,6.0,3,0,0,21,3,131,1,0
455,270106.87,0,0,4.625,0.0,117,0.0,0.0,0.0,0.0,1,0,590,1,22,0,1,1,77.0,37,280000,77,6.0,3,0,0,21,3,131,1,0
456,269885.57,0,0,4.625,0.0,117,0.0,0.0,0.0,0.0,1,0,590,1,22,0,1,1,77.0,37,280000,77,6.0,3,0,0,21,3,131,1,0
457,269440.4,0,0,4.625,0.0,117,0.0,0.0,0.0,0.0,1,0,590,1,22,0,1,1,77.0,37,280000,77,6.0,3,0,0,21,3,131,1,0
458,269440.4,0,0,4.625,0.0,117,0.0,0.0,0.0,0.0,1,0,590,1,22,0,1,1,77.0,37,280000,77,6.0,3,0,0,21,3,131,1,0
459,269216.53,0,0,4.625,0.0,117,0.0,0.0,0.0,0.0,1,0,590,1,22,0,1,1,77.0,37,280000,77,6.0,3,0,0,21,3,131,1,0
460,268991.8,0,0,4.625,0.0,117,0.0,0.0,0.0,0.0,1,0,590,1,22,0,1,1,77.0,37,280000,77,6.0,3,0,0,21,3,131,1,0
461,268991.8,1,0,4.625,0.0,117,0.0,0.0,0.0,0.0,1,0,590,1,22,0,1,1,77.0,37,280000,77,6.0,3,0,0,21,3,131,1,0
462,268991.8,2,0,4.625,0.0,117,0.0,0.0,0.0,0.0,1,0,590,1,22,0,1,1,77.0,37,280000,77,6.0,3,0,0,21,3,131,1,0
463,268766.2,2,0,4.625,0.0,117,0.0,0.0,0.0,0.0,1,0,590,1,22,0,1,1,77.0,37,280000,77,6.0,3,0,0,21,3,131,1,0
464,268766.2,3,0,4.625,0.0,117,0.0,0.0,0.0,0.0,1,0,590,1,22,0,1,1,77.0,37,280000,77,6.0,3,0,0,21,3,131,1,0
465,268766.2,4,0,4.625,0.0,117,0.0,0.0,0.0,0.0,1,0,590,1,22,0,1,1,77.0,37,280000,77,6.0,3,0,0,21,3,131,1,0
466,268539.73,5,0,4.625,0.0,117,0.0,0.0,0.0,0.0,1,0,590,1,22,0,1,1,77.0,37,280000,77,6.0,3,0,0,21,3,131,1,0
467,272620.45,0,1,4.625,0.0,117,0.0,0.0,0.0,0.0,0,0,590,1,22,0,1,1,77.0,37,280000,77,6.0,3,0,0,21,3,131,1,0
468,272366.08,0,0,4.0,0.0,117,0.0,0.0,0.0,0.0,1,0,590,1,22,0,1,1,77.0,37,280000,77,6.0,3,0,0,21,3,131,1,0
469,272134.58,0,0,4.0,0.0,117,0.0,0.0,0.0,0.0,1,0,590,1,22,0,1,1,77.0,37,280000,77,6.0,3,0,0,21,3,131,1,0
470,271902.31,0,0,4.0,0.0,117,0.0,0.0,0.0,0.0,1,0,590,1,22,0,1,1,77.0,37,280000,77,6.0,3,0,0,21,3,131,1,0
471,271669.26,0,0,4.0,0.0,117,0.0,0.0,0.0,0.0,1,0,590,1,22,0,1,1,77.0,37,280000,77,6.0,3,0,0,21,3,131,1,0
472,271435.43,0,0,4.0,0.0,117,0.0,0.0,0.0,0.0,1,0,590,1,22,0,1,1,77.0,37,280000,77,6.0,3,0,0,21,3,131,1,0
473,271200.82,0,0,4.0,0.0,117,0.0,0.0,0.0,0.0,1,0,590,1,22,0,1,1,77.0,37,280000,77,6.0,3,0,0,21,3,131,1,0
474,270965.43,0,0,4.0,0.0,117,0.0,0.0,0.0,0.0,1,0,590,1,22,0,1,1,77.0,37,280000,77,6.0,3,0,0,21,3,131,1,0
475,270729.26,0,0,4.0,0.0,117,0.0,0.0,0.0,0.0,1,0,590,1,22,0,1,1,77.0,37,280000,77,6.0,3,0,0,21,3,131,1,0
476,270492.3,0,0,4.0,0.0,117,0.0,0.0,0.0,0.0,1,0,590,1,22,0,1,1,77.0,37,280000,77,6.0,3,0,0,21,3,131,1,0
477,270254.55,0,0,4.0,0.0,117,0.0,0.0,0.0,0.0,1,0,590,1,22,0,1,1,77.0,37,280000,77,6.0,3,0,0,21,3,131,1,0
478,270016.01,0,0,4.0,0.0,117,0.0,0.0,0.0,0.0,1,0,590,1,22,0,1,1,77.0,37,280000,77,6.0,3,0,0,21,3,131,1,0
479,270016.01,0,0,4.0,0.0,117,0.0,0.0,0.0,0.0,1,0,590,1,22,0,1,1,77.0,37,280000,77,6.0,3,0,0,21,3,131,1,0
480,269776.67,0,0,4.0,0.0,117,0.0,0.0,0.0,0.0,1,0,590,1,22,0,1,1,77.0,37,280000,77,6.0,3,0,0,21,3,131,1,0
481,269776.67,1,0,4.0,0.0,117,0.0,0.0,0.0,0.0,1,0,590,1,22,0,1,1,77.0,37,280000,77,6.0,3,0,0,21,3,131,1,0
482,269295.61,0,0,4.0,0.0,117,0.0,0.0,0.0,0.0,1,0,590,1,22,0,1,1,77.0,37,280000,77,6.0,3,0,0,21,3,131,1,0
483,269053.87,0,0,4.0,0.0,117,0.0,0.0,0.0,0.0,1,0,590,1,22,0,1,1,77.0,37,280000,77,6.0,3,0,0,21,3,131,1,0
484,268811.33,0,0,4.0,0.0,117,0.0,0.0,0.0,0.0,1,0,590,1,22,0,1,1,77.0,37,280000,77,6.0,3,0,0,21,3,131,1,0
485,247000.0,0,0,6.5,0.0,117,0.0,0.0,0.0,0.0,1,0,703,1,61,30,1,1,93.0,38,247000,93,6.5,3,0,0,15,4,393,1,0
486,247000.0,0,0,6.5,0.0,117,0.0,0.0,0.0,0.0,1,0,703,1,61,30,1,1,93.0,38,247000,93,6.5,3,0,0,15,4,393,1,0
487,247000.0,0,0,6.5,0.0,117,0.0,0.0,0.0,0.0,1,0,703,1,61,30,1,1,93.0,38,247000,93,6.5,3,0,0,15,4,393,1,0
488,247000.0,0,0,6.5,0.0,117,0.0,0.0,0.0,0.0,1,0,703,1,61,30,1,1,93.0,38,247000,93,6.5,3,0,0,15,4,393,1,0
489,247000.0,0,0,6.5,0.0,117,0.0,0.0,0.0,0.0,1,0,703,1,61,30,1,1,93.0,38,247000,93,6.5,3,0,0,15,4,393,1,0
490,246000.0,0,0,6.5,0.0,117,0.0,0.0,0.0,0.0,1,0,703,1,61,30,1,1,93.0,38,247000,93,6.5,3,0,0,15,4,393,1,0
491,246000.0,0,0,6.5,0.0,117,0.0,0.0,0.0,0.0,1,0,703,1,61,30,1,1,93.0,38,247000,93,6.5,3,0,0,15,4,393,1,0
492,245940.35,0,0,6.5,0.0,117,0.0,0.0,0.0,0.0,1,0,703,1,61,30,1,1,93.0,38,247000,93,6.5,3,0,0,15,4,393,1,0
493,245709.43,0,0,6.5,0.0,117,0.0,0.0,0.0,0.0,1,0,703,1,61,30,1,1,93.0,38,247000,93,6.5,3,0,0,15,4,393,1,0
494,245477.26,0,0,6.5,0.0,117,0.0,0.0,0.0,0.0,1,0,703,1,61,30,1,1,93.0,38,247000,93,6.5,3,0,0,15,4,393,1,0
495,245243.83,0,0,6.5,0.0,117,0.0,0.0,0.0,0.0,1,0,703,1,61,30,1,1,93.0,38,247000,93,6.5,3,0,0,15,4,393,1,0
496,245009.13,0,0,6.5,0.0,117,0.0,0.0,0.0,0.0,1,0,703,1,61,30,1,1,93.0,38,247000,93,6.5,3,0,0,15,4,393,1,0
497,244773.16,0,0,6.5,0.0,117,0.0,0.0,0.0,0.0,1,0,703,1,61,30,1,1,93.0,38,247000,93,6.5,3,0,0,15,4,393,1,0
498,244535.91,0,0,6.5,0.0,117,0.0,0.0,0.0,0.0,1,0,703,1,61,30,1,1,93.0,38,247000,93,6.5,3,0,0,15,4,393,1,0
499,244297.38,0,0,6.5,0.0,117,0.0,0.0,0.0,0.0,1,0,703,1,61,30,1,1,93.0,38,247000,93,6.5,3,0,0,15,4,393,1,0
500,244057.56,0,0,6.5,0.0,117,0.0,0.0,0.0,0.0,1,0,703,1,61,30,1,1,93.0,38,247000,93,6.5,3,0,0,15,4,393,1,0
501,243816.44,0,0,6.5,0.0,117,0.0,0.0,0.0,0.0,1,0,703,1,61,30,1,1,93.0,38,247000,93,6.5,3,0,0,15,4,393,1,0
502,243574.01,0,0,6.5,0.0,117,0.0,0.0,0.0,0.0,1,0,703,1,61,30,1,1,93.0,38,247000,93,6.5,3,0,0,15,4,393,1,0
503,243330.27,0,0,6.5,0.0,117,0.0,0.0,0.0,0.0,1,0,703,1,61,30,1,1,93.0,38,247000,93,6.5,3,0,0,15,4,393,1,0
504,243085.21,0,0,6.5,0.0,117,0.0,0.0,0.0,0.0,1,0,703,1,61,30,1,1,93.0,38,247000,93,6.5,3,0,0,15,4,393,1,0
505,242838.82,0,0,6.5,0.0,117,0.0,0.0,0.0,0.0,1,0,703,1,61,30,1,1,93.0,38,247000,93,6.5,3,0,0,15,4,393,1,0
506,242591.1,0,0,6.5,0.0,117,0.0,0.0,0.0,0.0,1,0,703,1,61,30,1,1,93.0,38,247000,93,6.5,3,0,0,15,4,393,1,0
507,242342.04,1,0,6.5,0.0,117,0.0,0.0,0.0,0.0,1,0,703,1,61,30,1,1,93.0,38,247000,93,6.5,3,0,0,15,4,393,1,0
508,242091.63,0,0,6.5,0.0,117,0.0,0.0,0.0,0.0,1,0,703,1,61,30,1,1,93.0,38,247000,93,6.5,3,0,0,15,4,393,1,0
509,241839.86,0,0,6.5,0.0,117,0.0,0.0,0.0,0.0,1,0,703,1,61,30,1,1,93.0,38,247000,93,6.5,3,0,0,15,4,393,1,0
510,241586.73,0,0,6.5,0.0,117,0.0,0.0,0.0,0.0,1,0,703,1,61,30,1,1,93.0,38,247000,93,6.5,3,0,0,15,4,393,1,0
511,241332.22,0,0,6.5,0.0,117,0.0,0.0,0.0,0.0,1,0,703,1,61,30,1,1,93.0,38,247000,93,6.5,3,0,0,15,4,393,1,0
512,240819.07,0,0,6.5,0.0,117,0.0,0.0,0.0,0.0,1,0,703,1,61,30,1,1,93.0,38,247000,93,6.5,3,0,0,15,4,393,1,0
513,240560.41,0,0,6.5,0.0,117,0.0,0.0,0.0,0.0,1,0,703,1,61,30,1,1,93.0,38,247000,93,6.5,3,0,0,15,4,393,1,0
514,240300.35,0,0,6.5,0.0,117,0.0,0.0,0.0,0.0,1,0,703,1,61,30,1,1,93.0,38,247000,93,6.5,3,0,0,15,4,393,1,0
515,240038.88,0,0,6.5,0.0,117,0.0,0.0,0.0,0.0,1,0,703,1,61,30,1,1,93.0,38,247000,93,6.5,3,0,0,15,4,393,1,0
516,239775.99,0,0,6.5,0.0,117,0.0,0.0,0.0,0.0,1,0,703,1,61,30,1,1,93.0,38,247000,93,6.5,3,0,0,15,4,393,1,0
517,239511.68,0,0,6.5,0.0,117,0.0,0.0,0.0,0.0,1,0,703,1,61,30,1,1,93.0,38,247000,93,6.5,3,0,0,15,4,393,1,0
518,239245.94,0,0,6.5,0.0,117,0.0,0.0,0.0,0.0,1,0,703,1,61,30,1,1,93.0,38,247000,93,6.5,3,0,0,15,4,393,1,0
519,239245.94,0,0,6.5,0.0,117,0.0,0.0,0.0,0.0,1,0,703,1,61,30,1,1,93.0,38,247000,93,6.5,3,0,0,15,4,393,1,0
520,238978.76,0,0,6.5,0.0,117,0.0,0.0,0.0,0.0,1,0,703,1,61,30,1,1,93.0,38,247000,93,6.5,3,0,0,15,4,393,1,0
521,238710.13,0,0,6.5,0.0,117,0.0,0.0,0.0,0.0,1,0,703,1,61,30,1,1,93.0,38,247000,93,6.5,3,0,0,15,4,393,1,0
522,238440.04,1,0,6.5,0.0,117,0.0,0.0,0.0,0.0,1,0,703,1,61,30,1,1,93.0,38,247000,93,6.5,3,0,0,15,4,393,1,0
523,238168.49,0,0,6.5,0.0,117,0.0,0.0,0.0,0.0,1,0,703,1,61,30,1,1,93.0,38,247000,93,6.5,3,0,0,15,4,393,1,0
524,237895.47,0,0,6.5,0.0,117,0.0,0.0,0.0,0.0,1,0,703,1,61,30,1,1,93.0,38,247000,93,6.5,3,0,0,15,4,393,1,0
525,237620.97,1,0,6.5,0.0,117,0.0,0.0,0.0,0.0,1,0,703,1,61,30,1,1,93.0,38,247000,93,6.5,3,0,0,15,4,393,1,0
526,237344.98,0,0,6.5,0.0,117,0.0,0.0,0.0,0.0,1,0,703,1,61,30,1,1,93.0,38,247000,93,6.5,3,0,0,15,4,393,1,0
527,237067.5,0,0,6.5,0.0,117,0.0,0.0,0.0,0.0,1,0,703,1,61,30,1,1,93.0,38,247000,93,6.5,3,0,0,15,4,393,1,0
528,236788.52,0,0,6.5,0.0,117,0.0,0.0,0.0,0.0,1,0,703,1,61,30,1,1,93.0,38,247000,93,6.5,3,0,0,15,4,393,1,0
529,236508.02,0,0,6.5,0.0,117,0.0,0.0,0.0,0.0,1,0,703,1,61,30,1,1,93.0,38,247000,93,6.5,3,0,0,15,4,393,1,0
530,236226.01,0,0,6.5,0.0,117,0.0,0.0,0.0,0.0,1,0,703,1,61,30,1,1,93.0,38,247000,93,6.5,3,0,0,15,4,393,1,0
531,235942.47,1,0,6.5,0.0,117,0.0,0.0,0.0,0.0,1,0,703,1,61,30,1,1,93.0,38,247000,93,6.5,3,0,0,15,4,393,1,0
532,235657.39,0,0,6.5,0.0,117,0.0,0.0,0.0,0.0,1,0,703,1,61,30,1,1,93.0,38,247000,93,6.5,3,0,0,15,4,393,1,0
533,235370.77,0,0,6.5,0.0,117,0.0,0.0,0.0,0.0,1,0,703,1,61,30,1,1,93.0,38,247000,93,6.5,3,0,0,15,4,393,1,0
534,235082.6,0,0,6.5,0.0,117,0.0,0.0,0.0,0.0,1,0,703,1,61,30,1,1,93.0,38,247000,93,6.5,3,0,0,15,4,393,1,0
535,234792.86,1,0,6.5,0.0,117,0.0,0.0,0.0,0.0,1,0,703,1,61,30,1,1,93.0,38,247000,93,6.5,3,0,0,15,4,393,1,0
536,234501.55,1,0,6.5,0.0,117,0.0,0.0,0.0,0.0,1,0,703,1,61,30,1,1,93.0,38,247000,93,6.5,3,0,0,15,4,393,1,0
537,234208.67,0,0,6.5,0.0,117,0.0,0.0,0.0,0.0,1,0,703,1,61,30,1,1,93.0,38,247000,93,6.5,3,0,0,15,4,393,1,0
538,233914.2,1,0,6.5,0.0,117,0.0,0.0,0.0,0.0,1,0,703,1,61,30,1,1,93.0,38,247000,93,6.5,3,0,0,15,4,393,1,0
539,233618.14,1,0,6.5,0.0,117,0.0,0.0,0.0,0.0,1,0,703,1,61,30,1,1,93.0,38,247000,93,6.5,3,0,0,15,4,393,1,0
540,233320.47,0,0,6.5,0.0,117,0.0,0.0,0.0,0.0,1,0,703,1,61,30,1,1,93.0,38,247000,93,6.5,3,0,0,15,4,393,1,0
541,233021.19,1,0,6.5,0.0,117,0.0,0.0,0.0,0.0,1,0,703,1,61,30,1,1,93.0,38,247000,93,6.5,3,0,0,15,4,393,1,0
542,232720.29,1,0,6.5,0.0,117,0.0,0.0,0.0,0.0,1,0,703,1,61,30,1,1,93.0,38,247000,93,6.5,3,0,0,15,4,393,1,0
543,232417.76,1,0,6.5,0.0,117,0.0,0.0,0.0,0.0,1,0,703,1,61,30,1,1,93.0,38,247000,93,6.5,3,0,0,15,4,393,1,0
544,232113.59,0,0,6.5,0.0,117,0.0,0.0,0.0,0.0,1,0,703,1,61,30,1,1,93.0,38,247000,93,6.5,3,0,0,15,4,393,1,0
545,231807.77,0,0,6.5,0.0,117,0.0,0.0,0.0,0.0,1,0,703,1,61,30,1,1,93.0,38,247000,93,6.5,3,0,0,15,4,393,1,0
546,231500.3,0,0,6.5,0.0,117,0.0,0.0,0.0,0.0,1,0,703,1,61,30,1,1,93.0,38,247000,93,6.5,3,0,0,15,4,393,1,0
547,231191.16,1,0,6.5,0.0,117,0.0,0.0,0.0,0.0,1,0,703,1,61,30,1,1,93.0,38,247000,93,6.5,3,0,0,15,4,393,1,0
548,230880.35,1,0,6.5,0.0,117,0.0,0.0,0.0,0.0,1,0,703,1,61,30,1,1,93.0,38,247000,93,6.5,3,0,0,15,4,393,1,0
549,230567.85,0,0,6.5,0.0,117,0.0,0.0,0.0,0.0,1,0,703,1,61,30,1,1,93.0,38,247000,93,6.5,3,0,0,15,4,393,1,0
550,230567.85,1,0,6.5,0.0,117,0.0,0.0,0.0,0.0,1,0,703,1,61,30,1,1,93.0,38,247000,93,6.5,3,0,0,15,4,393,1,0
551,229937.77,1,0,6.5,0.0,117,0.0,0.0,0.0,0.0,1,0,703,1,61,30,1,1,93.0,38,247000,93,6.5,3,0,0,15,4,393,1,0
552,229620.17,1,0,6.5,0.0,117,0.0,0.0,0.0,0.0,1,0,703,1,61,30,1,1,93.0,38,247000,93,6.5,3,0,0,15,4,393,1,0
553,229300.85,1,0,6.5,0.0,117,0.0,0.0,0.0,0.0,1,0,703,1,61,30,1,1,93.0,38,247000,93,6.5,3,0,0,15,4,393,1,0
554,228979.8,0,0,6.5,0.0,117,0.0,0.0,0.0,0.0,1,0,703,1,61,30,1,1,93.0,38,247000,93,6.5,3,0,0,15,4,393,1,0
555,228657.01,1,0,6.5,0.0,117,0.0,0.0,0.0,0.0,1,0,703,1,61,30,1,1,93.0,38,247000,93,6.5,3,0,0,15,4,393,1,0
556,228332.47,0,0,6.5,0.0,117,0.0,0.0,0.0,0.0,1,0,703,1,61,30,1,1,93.0,38,247000,93,6.5,3,0,0,15,4,393,1,0
557,228006.17,0,0,6.5,0.0,117,0.0,0.0,0.0,0.0,1,0,703,1,61,30,1,1,93.0,38,247000,93,6.5,3,0,0,15,4,393,1,0
558,227678.1,0,0,6.5,0.0,117,0.0,0.0,0.0,0.0,1,0,703,1,61,30,1,1,93.0,38,247000,93,6.5,3,0,0,15,4,393,1,0
559,227348.26,0,0,6.5,0.0,117,0.0,0.0,0.0,0.0,1,0,703,1,61,30,1,1,93.0,38,247000,93,6.5,3,0,0,15,4,393,1,0
560,227016.63,0,0,6.5,0.0,117,0.0,0.0,0.0,0.0,1,0,703,1,61,30,1,1,93.0,38,247000,93,6.5,3,0,0,15,4,393,1,0
561,226683.2,0,0,6.5,0.0,117,0.0,0.0,0.0,0.0,1,0,703,1,61,30,1,1,93.0,38,247000,93,6.5,3,0,0,15,4,393,1,0
562,226347.97,0,0,6.5,0.0,117,0.0,0.0,0.0,0.0,1,0,703,1,61,30,1,1,93.0,38,247000,93,6.5,3,0,0,15,4,393,1,0
563,226010.92,0,0,6.5,0.0,117,0.0,0.0,0.0,0.0,1,0,703,1,61,30,1,1,93.0,38,247000,93,6.5,3,0,0,15,4,393,1,0
564,225672.05,1,0,6.5,0.0,117,0.0,0.0,0.0,0.0,1,0,703,1,61,30,1,1,93.0,38,247000,93,6.5,3,0,0,15,4,393,1,0
565,225331.34,0,0,6.5,0.0,117,0.0,0.0,0.0,0.0,1,0,703,1,61,30,1,1,93.0,38,247000,93,6.5,3,0,0,15,4,393,1,0
566,224988.78,0,0,6.5,0.0,117,0.0,0.0,0.0,0.0,1,0,703,1,61,30,1,1,93.0,38,247000,93,6.5,3,0,0,15,4,393,1,0
567,224644.37,0,0,6.5,0.0,117,0.0,0.0,0.0,0.0,1,0,703,1,61,30,1,1,93.0,38,247000,93,6.5,3,0,0,15,4,393,1,0
568,224298.09,0,0,6.5,0.0,117,0.0,0.0,0.0,0.0,1,0,703,1,61,30,1,1,93.0,38,247000,93,6.5,3,0,0,15,4,393,1,0
569,223949.94,0,0,6.5,0.0,117,0.0,0.0,0.0,0.0,1,0,703,1,61,30,1,1,93.0,38,247000,93,6.5,3,0,0,15,4,393,1,0
570,223599.9,0,0,6.5,0.0,117,0.0,0.0,0.0,0.0,1,0,703,1,61,30,1,1,93.0,38,247000,93,6.5,3,0,0,15,4,393,1,0
571,223247.97,1,0,6.5,0.0,117,0.0,0.0,0.0,0.0,1,0,703,1,61,30,1,1,93.0,38,247000,93,6.5,3,0,0,15,4,393,1,0
572,222894.13,0,0,6.5,0.0,117,0.0,0.0,0.0,0.0,1,0,703,1,61,30,1,1,93.0,38,247000,93,6.5,3,0,0,15,4,393,1,0
573,222538.37,0,0,6.5,0.0,117,0.0,0.0,0.0,0.0,1,0,703,1,61,30,1,1,93.0,38,247000,93,6.5,3,0,0,15,4,393,1,0
574,222102.1,0,0,6.5,0.0,117,0.0,0.0,0.0,0.0,1,0,703,1,61,30,1,1,93.0,38,247000,93,6.5,3,0,0,15,4,393,1,0
575,221742.05,1,0,6.5,0.0,117,0.0,0.0,0.0,0.0,1,0,703,1,61,30,1,1,93.0,38,247000,93,6.5,3,0,0,15,4,393,1,0
576,221380.05,1,0,6.5,0.0,117,0.0,0.0,0.0,0.0,1,0,703,1,61,30,1,1,93.0,38,247000,93,6.5,3,0,0,15,4,393,1,0
577,221016.09,0,0,6.5,0.0,117,0.0,0.0,0.0,0.0,1,0,703,1,61,30,1,1,93.0,38,247000,93,6.5,3,0,0,15,4,393,1,0
578,220650.16,0,0,6.5,0.0,117,0.0,0.0,0.0,0.0,1,0,703,1,61,30,1,1,93.0,38,247000,93,6.5,3,0,0,15,4,393,1,0
579,220282.25,0,0,6.5,0.0,117,0.0,0.0,0.0,0.0,1,0,703,1,61,30,1,1,93.0,38,247000,93,6.5,3,0,0,15,4,393,1,0
580,219912.35,1,0,6.5,0.0,117,0.0,0.0,0.0,0.0,1,0,703,1,61,30,1,1,93.0,38,247000,93,6.5,3,0,0,15,4,393,1,0
581,219540.44,0,0,6.5,0.0,117,0.0,0.0,0.0,0.0,1,0,703,1,61,30,1,1,93.0,38,247000,93,6.5,3,0,0,15,4,393,1,0
582,219166.52,1,0,6.5,0.0,117,0.0,0.0,0.0,0.0,1,0,703,1,61,30,1,1,93.0,38,247000,93,6.5,3,0,0,15,4,393,1,0
583,218790.57,0,0,6.5,0.0,117,0.0,0.0,0.0,0.0,1,0,703,1,61,30,1,1,93.0,38,247000,93,6.5,3,0,0,15,4,393,1,0
584,218412.59,0,0,6.5,0.0,117,0.0,0.0,0.0,0.0,1,0,703,1,61,30,1,1,93.0,38,247000,93,6.5,3,0,0,15,4,393,1,0
585,218032.56,1,0,6.5,0.0,117,0.0,0.0,0.0,0.0,1,0,703,1,61,30,1,1,93.0,38,247000,93,6.5,3,0,0,15,4,393,1,0
586,217650.47,1,0,6.5,0.0,117,0.0,0.0,0.0,0.0,1,0,703,1,61,30,1,1,93.0,38,247000,93,6.5,3,0,0,15,4,393,1,0
587,217266.31,0,0,6.5,0.0,117,0.0,0.0,0.0,0.0,1,0,703,1,61,30,1,1,93.0,38,247000,93,6.5,3,0,0,15,4,393,1,0
588,216880.07,0,0,6.5,0.0,117,0.0,0.0,0.0,0.0,1,0,703,1,61,30,1,1,93.0,38,247000,93,6.5,3,0,0,15,4,393,1,0
589,216491.74,1,0,6.5,0.0,117,0.0,0.0,0.0,0.0,1,0,703,1,61,30,1,1,93.0,38,247000,93,6.5,3,0,0,15,4,393,1,0
590,216101.3,0,0,6.5,0.0,117,0.0,0.0,0.0,0.0,1,0,703,1,61,30,1,1,93.0,38,247000,93,6.5,3,0,0,15,4,393,1,0
591,215708.75,0,0,6.5,0.0,117,0.0,0.0,0.0,0.0,1,0,703,1,61,30,1,1,93.0,38,247000,93,6.5,3,0,0,15,4,393,1,0
592,215314.07,1,0,6.5,0.0,117,0.0,0.0,0.0,0.0,1,0,703,1,61,30,1,1,93.0,38,247000,93,6.5,3,0,0,15,4,393,1,0
593,214917.25,1,0,6.5,0.0,117,0.0,0.0,0.0,0.0,1,0,703,1,61,30,1,1,93.0,38,247000,93,6.5,3,0,0,15,4,393,1,0
594,214518.29,1,0,6.5,0.0,117,0.0,0.0,0.0,0.0,1,0,703,1,61,30,1,1,93.0,38,247000,93,6.5,3,0,0,15,4,393,1,0
595,214117.16,0,0,6.5,0.0,117,0.0,0.0,0.0,0.0,1,0,703,1,61,30,1,1,93.0,38,247000,93,6.5,3,0,0,15,4,393,1,0
596,213713.86,1,0,6.5,0.0,117,0.0,0.0,0.0,0.0,1,0,703,1,61,30,1,1,93.0,38,247000,93,6.5,3,0,0,15,4,393,1,0
597,213308.38,1,0,6.5,0.0,117,0.0,0.0,0.0,0.0,1,0,703,1,61,30,1,1,93.0,38,247000,93,6.5,3,0,0,15,4,393,1,0
598,212900.7,1,0,6.5,0.0,117,0.0,0.0,0.0,0.0,1,0,703,1,61,30,1,1,93.0,38,247000,93,6.5,3,0,0,15,4,393,1,0
599,212490.81,1,0,6.5,0.0,117,0.0,0.0,0.0,0.0,1,0,703,1,61,30,1,1,93.0,38,247000,93,6.5,3,0,0,15,4,393,1,0
885,0,0,0,6.25,0,117,0,0,0,0,1,0,716,1,20,25,1,0,90,62,73000,90,6.25,3,0,0,45,0,509,2,1
1170,0,0,0,2,69700,17,0,-550,0,-55346,1,0,638,0,61,0,1,1,80,39,138000,80,7.75,3,0,0,15,4,398,0,1
1696,0,13,0,4.625,0,24,1075,-7460,-2732,-45876,1,0,678,1,254,12,1,1,83,53,57000,83,6.5,3,0,0,47,4,155,1,1
2346,0,6,0,5.875,0,62,4422,-18851,-857,-9071,1,0,629,1,322,0,1,1,59,41,264000,59,5.875,2,0,0,23,4,323,1,1
2438,0,10,0,6.5,0,50,955,-4246,-1656,-118321,1,0,727,1,341,0,1,1,80,36,320000,80,6.5,3,0,0,46,4,547,1,1
2458,0,0,0,6.25,0,117,0,0,0,0,1,0,720,1,328,0,1,0,75,19,116000,75,6.25,3,0,0,9,0,224,2,1
2631,0,199,0,0,0,39,1637,-14301,-3043,-72816,1,0,651,1,252,0,1,1,80,17,72000,80,5.875,2,0,0,47,0,147,2,1
3248,0,8,0,6.25,0,105,30,-2701,-2003,-87305,1,0,782,1,163,0,1,1,90,42,155000,78,6.25,2,0,0,3,4,557,0,1
3332,0,199,0,0,0,61,0,-7488,-1985,23058,1,0,746,1,16,0,1,1,44,17,230000,44,5.875,3,0,0,10,4,202,0,1
3920,0,199,0,0,0,89,540,-7206,-2140,-37859,1,0,765,1,341,27,1,1,95,56,118000,95,6.25,2,0,0,10,4,199,1,1
4286,0,0,0,2,15300,117,0,0,0,0,1,0,693,0,341,0,1,1,58,57,245000,58,6.375,2,0,0,14,4,539,0,1
5205,0,199,0,0,0,9,3200,-8165,-4050,-117642,1,0,758,1,282,0,1,1,87,42,225000,68,5.75,2,0,0,4,0,611,1,1
5850,0,25,0,6.875,0,117,0,0,0,0,1,0,607,1,298,25,1,1,90,51,189000,90,6.875,2,0,0,25,4,431,0,1
5878,0,24,0,7.75,0,76,2773,-13378,-4632,-166346,1,0,692,1,191,25,1,1,90,35,227000,90,7.75,3,0,0,9,0,221,2,1
6457,0,14,0,2,0,49,4568,-12117,-792,-118027,1,0,749,1,61,0,1,1,94,33,310000,79,5.75,2,0,0,15,4,392,1,1
7197,0,8,0,5.875,0,45,774,-3087,-1556,-45103,1,0,708,1,243,0,1,1,80,40,220000,80,5.875,2,0,0,46,4,542,0,1
7361,0,199,0,0,0,111,54,-14742,-6418,-122141,1,0,734,0,341,0,1,1,80,50,175000,80,5.625,3,0,0,38,4,629,0,1
7815,0,18,0,5.75,0,20,781,-6298,-1819,-129146,1,0,796,1,260,0,1,1,80,39,228000,80,5.75,3,0,0,4,4,619,0,1
8196,0,199,0,0,0,19,2764,-35597,-3365,-56250,1,0,792,1,162,0,1,1,59,42,136000,59,5.625,3,0,0,15,4,392,1,1
8481,0,199,0,0,0,92,3106,-19439,-5183,-127945,1,0,683,1,61,30,1,1,91,42,252000,91,6.25,3,0,0,15,4,393,1,1
8903,0,15,0,5.625,0,2,0,0,0,0,1,0,715,1,85,0,1,1,85,60,311000,65,5.625,3,0,0,5,3,522,1,1
9020,0,14,0,5.375,0,8,1040,-22843,-675,-133418,1,0,776,2,191,12,1,1,85,51,237000,85,5.375,3,0,0,9,0,221,2,1
9242,0,30,0,5.875,0,79,0,-16893,-6409,-86718,1,0,746,1,240,0,1,1,54,40,100000,45,5.875,2,0,0,35,4,81,0,1
9606,0,199,0,0,0,109,3101,-22535,-5389,-128398,1,0,760,0,164,12,1,0,85,59,185000,85,6.75,3,0,0,9,4,228,0,1
10077,0,199,0,0,0,7,1139,-42034,-6520,-215905,1,0,688,1,164,25,1,1,90,45,266000,90,6.625,3,0,0,9,4,234,2,1
11157,0,52,0,6.25,0,25,1999,-33589,-8145,-82031,1,0,808,1,297,12,1,2,85,52,170000,85,6.25,2,0,0,20,4,2,2,1
12209,0,199,0,0,0,65,84,-5004,-2893,-116735,1,0,751,1,95,0,1,0,70,5,133000,70,6.5,2,0,0,4,4,589,1,1
12403,0,11,0,5.375,0,22,11793,-25900,-2119,-322887,1,0,747,1,94,0,1,1,75,42,417000,75,5.375,3,0,0,32,4,57,1,1
14005,0,199,0,0,0,37,1583,-29992,-2611,-96543,1,0,783,1,300,0,1,1,70,50,225000,70,5.375,2,0,0,4,4,614,0,1
14383,0,12,0,5.625,0,108,0,-435,0,-68704,1,0,757,2,195,0,1,1,75,64,150000,75,5.625,3,0,0,24,0,367,2,1
16033,0,199,0,0,0,95,195370,-9156,-2816,0,1,0,680,1,113,17,1,1,88,36,240000,88,5.875,3,0,0,4,4,603,1,1
17045,0,199,0,0,0,53,10029,-30023,-810,-115036,1,0,648,1,9,25,1,1,90,40,282000,90,6.5,2,0,0,0,4,647,1,1
18090,0,9,0,6.375,0,75,0,-345,0,-59996,1,0,717,1,305,0,1,1,80,59,96000,80,6.375,3,0,0,9,4,227,0,1
18486,0,199,0,0,0,71,104485,-22091,-3008,0,1,0,633,0,87,0,1,0,80,35,80000,80,7.5,3,0,0,23,4,322,2,1
18603,0,12,0,6.5,0,117,0,0,0,0,1,0,656,0,234,12,1,1,85,35,136000,85,6.5,3,0,0,3,0,551,0,1
19004,0,199,0,0,0,59,1781,-28971,-3003,-97127,1,0,696,1,217,0,1,1,80,52,312000,80,6.375,3,0,0,4,4,609,0,1
19116,0,1,0,2,0,117,0,0,0,0,1,0,649,1,48,35,1,1,100,62,317000,100,6.625,3,0,0,32,3,51,2,1
21516,0,7,0,6.5,0,117,0,0,0,0,1,0,653,2,239,0,1,1,95,30,68000,80,6.5,2,0,0,9,4,224,2,1
22415,0,199,0,0,0,56,2922,-12624,-4479,-109098,1,0,621,1,85,30,1,1,95,47,309000,95,7.5,3,0,0,5,4,520,2,1
23095,0,199,0,0,0,46,1008,-24599,-1849,-218682,1,0,717,1,253,0,1,1,62,50,347000,62,6.25,2,0,0,4,4,592,0,1
23809,0,199,0,0,0,35,4403,-25063,-4044,-64562,1,0,705,2,300,25,1,1,90,63,230000,90,6.875,3,0,0,4,3,615,2,1
23842,0,199,0,0,0,67,4246,-44547,-6398,-49146,1,0,643,2,179,25,1,1,90,47,367000,90,6.25,2,0,0,4,4,571,2,1
24030,0,11,0,2,8800,66,1210,-9845,-2359,-196444,1,0,679,1,334,0,1,1,95,35,417000,78,6.25,2,0,0,47,4,142,1,1
24321,0,5,0,5.75,0,43,102037,-2496,-1072,0,1,0,634,0,195,12,1,1,85,26,268000,85,5.75,3,0,0,24,4,365,1,1
24514,0,3,0,6,0,32,834,-2068,0,-38007,1,0,762,2,209,25,1,1,90,48,232000,90,6,3,0,0,32,4,42,2,1
25008,0,8,0,6.5,0,16,933,-4887,-2892,-47885,1,0,629,2,253,25,1,1,95,60,214000,95,6.5,3,0,0,4,4,590,2,1
26785,0,0,0,3.875,0,117,0,0,0,0,1,0,541,1,179,0,1,1,58,42,213000,58,5.875,3,0,0,4,4,584,0,1
28302,0,199,0,0,0,77,1662,-42623,-6014,-169385,1,0,534,1,179,0,1,1,75,44,379000,75,7.625,3,0,0,4,4,580,0,1
32507,0,0,0,5.625,0,117,0,0,0,0,1,0,777,1,191,0,1,2,18,40,54000,18,5.625,2,0,0,9,0,222,1,1
37052,0,17,0,5.5,0,69,1811,-9810,-2056,-135219,1,0,800,1,217,0,1,1,75,39,417000,75,5.5,3,0,0,4,4,608,0,1
37953,0,45,0,5.625,0,70,0,-18494,-3681,-86942,1,0,756,1,123,0,1,1,80,44,88000,80,5.625,2,0,0,28,4,169,0,1
38683,0,10,0,6.125,0,42,77691,-345,0,0,1,0,713,1,50,25,1,1,90,25,239000,90,6.125,2,0,0,9,4,229,2,1
39499,0,199,0,0,0,2,153043,-4548,-2220,0,1,0,674,1,253,0,1,2,63,9,142000,63,6.875,3,0,0,4,4,591,0,1
39908,0,199,0,0,0,18,2306,-26642,-4492,-69057,1,0,698,2,50,25,1,1,90,60,180000,90,6.25,3,0,0,9,4,229,2,1